[INFO] Scanning for projects...
[INFO] 
[INFO] ---------------------< com.company:spring-service >---------------------
[INFO] Building spring-service 0.0.1-SNAPSHOT
[INFO]   from pom.xml
[INFO] --------------------------------[ jar ]---------------------------------
[INFO] 
[INFO] >>> spring-boot:3.5.4:run (default-cli) > test-compile @ spring-service >>>
[INFO] 
[INFO] --- resources:3.3.1:resources (default-resources) @ spring-service ---
[INFO] Copying 1 resource from src/main/resources to target/classes
[INFO] Copying 1 resource from src/main/resources to target/classes
[INFO] 
[INFO] --- compiler:3.14.0:compile (default-compile) @ spring-service ---
[INFO] Recompiling the module because of changed source code.
[INFO] Compiling 36 source files with javac [debug parameters release 17] to target/classes
[INFO] 
[INFO] --- resources:3.3.1:testResources (default-testResources) @ spring-service ---
[INFO] skip non existing resourceDirectory /Users/arpitchouksey/Documents/PersonalProjects/Project9-Messaging/Microservice/SpringBootMS/spring-service/src/test/resources
[INFO] 
[INFO] --- compiler:3.14.0:testCompile (default-testCompile) @ spring-service ---
[INFO] Recompiling the module because of changed dependency.
[INFO] Compiling 1 source file with javac [debug parameters release 17] to target/test-classes
[INFO] 
[INFO] <<< spring-boot:3.5.4:run (default-cli) < test-compile @ spring-service <<<
[INFO] 
[INFO] 
[INFO] --- spring-boot:3.5.4:run (default-cli) @ spring-service ---
[INFO] Attaching agents: []
SLF4J(W): Class path contains multiple SLF4J providers.
SLF4J(W): Found provider [ch.qos.logback.classic.spi.LogbackServiceProvider@2133c8f8]
SLF4J(W): Found provider [org.apache.logging.slf4j.SLF4JServiceProvider@43a25848]
SLF4J(W): See https://www.slf4j.org/codes.html#multiple_bindings for an explanation.
SLF4J(I): Actual provider is of type [ch.qos.logback.classic.spi.LogbackServiceProvider@2133c8f8]
20:41:35.573 [main] INFO com.company.spring_service.SpringServiceApplication -- Starting Spring Service Application
20:41:35,773 |-ERROR in ch.qos.logback.core.rolling.RollingFileAppender[FILE] - Failed to create parent directories for [/app/logs/application.log]
20:41:35,774 |-ERROR in ch.qos.logback.core.rolling.RollingFileAppender[FILE] - openFile(/app/logs/application.log,true) call failed. java.io.FileNotFoundException: /app/logs/application.log (No such file or directory)
	at java.io.FileNotFoundException: /app/logs/application.log (No such file or directory)
	at 	at java.base/java.io.FileOutputStream.open0(Native Method)
	at 	at java.base/java.io.FileOutputStream.open(FileOutputStream.java:293)
	at 	at java.base/java.io.FileOutputStream.<init>(FileOutputStream.java:235)
	at 	at ch.qos.logback.core.recovery.ResilientFileOutputStream.<init>(ResilientFileOutputStream.java:26)
	at 	at ch.qos.logback.core.FileAppender.openFile(FileAppender.java:206)
	at 	at ch.qos.logback.core.FileAppender.start(FileAppender.java:126)
	at 	at ch.qos.logback.core.rolling.RollingFileAppender.start(RollingFileAppender.java:104)
	at 	at org.springframework.boot.logging.logback.LogbackConfigurator.start(LogbackConfigurator.java:111)
	at 	at org.springframework.boot.logging.logback.LogbackConfigurator.appender(LogbackConfigurator.java:74)
	at 	at org.springframework.boot.logging.logback.DefaultLogbackConfiguration.fileAppender(DefaultLogbackConfiguration.java:147)
	at 	at org.springframework.boot.logging.logback.DefaultLogbackConfiguration.apply(DefaultLogbackConfiguration.java:88)
	at 	at org.springframework.boot.logging.logback.LogbackLoggingSystem.lambda$loadDefaults$1(LogbackLoggingSystem.java:241)
	at 	at org.springframework.boot.logging.logback.LogbackLoggingSystem.withLoggingSuppressed(LogbackLoggingSystem.java:481)
	at 	at org.springframework.boot.logging.logback.LogbackLoggingSystem.loadDefaults(LogbackLoggingSystem.java:230)
	at 	at org.springframework.boot.logging.AbstractLoggingSystem.initializeWithConventions(AbstractLoggingSystem.java:84)
	at 	at org.springframework.boot.logging.AbstractLoggingSystem.initialize(AbstractLoggingSystem.java:61)
	at 	at org.springframework.boot.logging.logback.LogbackLoggingSystem.initialize(LogbackLoggingSystem.java:195)
	at 	at org.springframework.boot.context.logging.LoggingApplicationListener.initializeSystem(LoggingApplicationListener.java:332)
	at 	at org.springframework.boot.context.logging.LoggingApplicationListener.initialize(LoggingApplicationListener.java:298)
	at 	at org.springframework.boot.context.logging.LoggingApplicationListener.onApplicationEnvironmentPreparedEvent(LoggingApplicationListener.java:246)
	at 	at org.springframework.boot.context.logging.LoggingApplicationListener.onApplicationEvent(LoggingApplicationListener.java:223)
	at 	at org.springframework.context.event.SimpleApplicationEventMulticaster.doInvokeListener(SimpleApplicationEventMulticaster.java:185)
	at 	at org.springframework.context.event.SimpleApplicationEventMulticaster.invokeListener(SimpleApplicationEventMulticaster.java:178)
	at 	at org.springframework.context.event.SimpleApplicationEventMulticaster.multicastEvent(SimpleApplicationEventMulticaster.java:156)
	at 	at org.springframework.context.event.SimpleApplicationEventMulticaster.multicastEvent(SimpleApplicationEventMulticaster.java:138)
	at 	at org.springframework.boot.context.event.EventPublishingRunListener.multicastInitialEvent(EventPublishingRunListener.java:136)
	at 	at org.springframework.boot.context.event.EventPublishingRunListener.environmentPrepared(EventPublishingRunListener.java:81)
	at 	at org.springframework.boot.SpringApplicationRunListeners.lambda$environmentPrepared$2(SpringApplicationRunListeners.java:64)
	at 	at java.base/java.lang.Iterable.forEach(Iterable.java:75)
	at 	at org.springframework.boot.SpringApplicationRunListeners.doWithListeners(SpringApplicationRunListeners.java:118)
	at 	at org.springframework.boot.SpringApplicationRunListeners.doWithListeners(SpringApplicationRunListeners.java:112)
	at 	at org.springframework.boot.SpringApplicationRunListeners.environmentPrepared(SpringApplicationRunListeners.java:63)
	at 	at org.springframework.boot.SpringApplication.prepareEnvironment(SpringApplication.java:353)
	at 	at org.springframework.boot.SpringApplication.run(SpringApplication.java:313)
	at 	at org.springframework.boot.SpringApplication.run(SpringApplication.java:1361)
	at 	at org.springframework.boot.SpringApplication.run(SpringApplication.java:1350)
	at 	at com.company.spring_service.SpringServiceApplication.main(SpringServiceApplication.java:30)

  .   ____          _            __ _ _
 /\\ / ___'_ __ _ _(_)_ __  __ _ \ \ \ \
( ( )\___ | '_ | '_| | '_ \/ _` | \ \ \ \
 \\/  ___)| |_)| | | | | || (_| |  ) ) ) )
  '  |____| .__|_| |_|_| |_\__, | / / / /
 =========|_|==============|___/=/_/_/_/

 :: Spring Boot ::                (v3.5.4)

2026-08-08 20:41:35,818 INFO  com.company.spring_service.SpringServiceApplication : Starting SpringServiceApplication using Java 17.0.20 with PID 71324 (/Users/arpitchouksey/Documents/PersonalProjects/Project9-Messaging/Microservice/SpringBootMS/spring-service/target/classes started by arpitchouksey in /Users/arpitchouksey/Documents/PersonalProjects/Project9-Messaging/Microservice/SpringBootMS/spring-service)
20:41:35,819 |-WARN in ch.qos.logback.core.rolling.RollingFileAppender[FILE] - Attempted to append to non started appender [FILE].
2026-08-08 20:41:35,819 INFO  com.company.spring_service.SpringServiceApplication : No active profile set, falling back to 1 default profile: "default"
20:41:35,819 |-WARN in ch.qos.logback.core.rolling.RollingFileAppender[FILE] - Attempted to append to non started appender [FILE].
2026-08-08 20:41:35,819 DEBUG org.springframework.boot.SpringApplication : Loading source class com.company.spring_service.SpringServiceApplication
20:41:35,819 |-WARN in ch.qos.logback.core.rolling.RollingFileAppender[FILE] - Attempted to append to non started appender [FILE].
2026-08-08 20:41:35,838 DEBUG org.springframework.boot.web.servlet.context.AnnotationConfigServletWebServerApplicationContext : Refreshing org.springframework.boot.web.servlet.context.AnnotationConfigServletWebServerApplicationContext@60410cd
2026-08-08 20:41:36,068 DEBUG org.springframework.boot.context.properties.source.ConfigurationPropertySourcesPropertyResolver$DefaultResolver : Found key 'DB_URL' in PropertySource 'systemEnvironment' with value of type String
2026-08-08 20:41:36,398 INFO  org.springframework.data.repository.config.RepositoryConfigurationDelegate : Bootstrapping Spring Data JPA repositories in DEFAULT mode.
2026-08-08 20:41:36,407 DEBUG org.springframework.boot.autoconfigure.AutoConfigurationPackages : @EnableAutoConfiguration was declared on a class in the package 'com.company.spring_service'. Automatic @Repository and @Entity scanning is enabled.
2026-08-08 20:41:36,470 INFO  org.springframework.data.repository.config.RepositoryConfigurationDelegate : Finished Spring Data repository scanning in 67 ms. Found 2 JPA repository interfaces.
2026-08-08 20:41:36,716 DEBUG org.springframework.boot.web.embedded.tomcat.TomcatServletWebServerFactory : Code archive: /Users/arpitchouksey/.m2/repository/org/springframework/boot/spring-boot/3.5.4/spring-boot-3.5.4.jar
2026-08-08 20:41:36,716 DEBUG org.springframework.boot.web.embedded.tomcat.TomcatServletWebServerFactory : Code archive: /Users/arpitchouksey/.m2/repository/org/springframework/boot/spring-boot/3.5.4/spring-boot-3.5.4.jar
2026-08-08 20:41:36,716 DEBUG org.springframework.boot.web.embedded.tomcat.TomcatServletWebServerFactory : None of the document roots [src/main/webapp, public, static] point to a directory and will be ignored.
2026-08-08 20:41:36,730 INFO  org.springframework.boot.web.embedded.tomcat.TomcatWebServer : Tomcat initialized with port 8080 (http)
2026-08-08 20:41:36,737 INFO  org.apache.catalina.core.StandardService : Starting service [Tomcat]
2026-08-08 20:41:36,738 INFO  org.apache.catalina.core.StandardEngine : Starting Servlet engine: [Apache Tomcat/10.1.43]
2026-08-08 20:41:36,757 INFO  org.apache.catalina.core.ContainerBase.[Tomcat].[localhost].[/] : Initializing Spring embedded WebApplicationContext
2026-08-08 20:41:36,757 DEBUG org.springframework.boot.web.servlet.context.ServletWebServerApplicationContext : Published root WebApplicationContext as ServletContext attribute with name [org.springframework.web.context.WebApplicationContext.ROOT]
2026-08-08 20:41:36,757 INFO  org.springframework.boot.web.servlet.context.ServletWebServerApplicationContext : Root WebApplicationContext: initialization completed in 919 ms
2026-08-08 20:41:36,812 DEBUG org.springframework.boot.web.servlet.ServletContextInitializerBeans : Mapping filters: webMvcObservationFilter urls=[/*] order=-2147483647, characterEncodingFilter urls=[/*] order=-2147483648, formContentFilter urls=[/*] order=-9900, requestContextFilter urls=[/*] order=-105
2026-08-08 20:41:36,813 DEBUG org.springframework.boot.web.servlet.ServletContextInitializerBeans : Mapping servlets: dispatcherServlet urls=[/]
2026-08-08 20:41:36,832 DEBUG org.springframework.boot.web.servlet.filter.OrderedRequestContextFilter : Filter 'requestContextFilter' configured for use
2026-08-08 20:41:36,834 DEBUG org.springframework.web.filter.ServerHttpObservationFilter : Filter 'webMvcObservationFilter' configured for use
2026-08-08 20:41:36,835 DEBUG org.springframework.boot.web.servlet.filter.OrderedCharacterEncodingFilter : Filter 'characterEncodingFilter' configured for use
2026-08-08 20:41:36,835 DEBUG org.springframework.boot.web.servlet.filter.OrderedFormContentFilter : Filter 'formContentFilter' configured for use
2026-08-08 20:41:36,893 INFO  org.hibernate.jpa.internal.util.LogHelper : HHH000204: Processing PersistenceUnitInfo [name: default]
2026-08-08 20:41:36,948 INFO  org.hibernate.Version : HHH000412: Hibernate ORM core version 6.6.22.Final
2026-08-08 20:41:36,978 INFO  org.hibernate.cache.internal.RegionFactoryInitiator : HHH000026: Second-level cache disabled
2026-08-08 20:41:37,114 INFO  org.springframework.orm.jpa.persistenceunit.SpringPersistenceUnitInfo : No LoadTimeWeaver setup: ignoring JPA class transformer
2026-08-08 20:41:37,127 INFO  com.zaxxer.hikari.HikariDataSource : HikariPool-1 - Starting...
2026-08-08 20:41:37,241 INFO  com.zaxxer.hikari.pool.HikariPool : HikariPool-1 - Added connection org.postgresql.jdbc.PgConnection@24010875
2026-08-08 20:41:37,242 INFO  com.zaxxer.hikari.HikariDataSource : HikariPool-1 - Start completed.
2026-08-08 20:41:37,262 WARN  org.hibernate.orm.deprecation : HHH90000025: PostgreSQLDialect does not need to be specified explicitly using 'hibernate.dialect' (remove the property setting and it will be selected by default)
2026-08-08 20:41:37,273 INFO  org.hibernate.orm.connections.pooling : HHH10001005: Database info:
	Database JDBC URL [Connecting through datasource 'HikariDataSource (HikariPool-1)']
	Database driver: undefined/unknown
	Database version: 15.18
	Autocommit mode: undefined/unknown
	Isolation level: undefined/unknown
	Minimum pool size: undefined/unknown
	Maximum pool size: undefined/unknown
2026-08-08 20:41:37,669 INFO  org.hibernate.engine.transaction.jta.platform.internal.JtaPlatformInitiator : HHH000489: No JTA platform available (set 'hibernate.transaction.jta.platform' to enable JTA platform integration)
2026-08-08 20:41:37,718 INFO  org.springframework.orm.jpa.LocalContainerEntityManagerFactoryBean : Initialized JPA EntityManagerFactory for persistence unit 'default'
2026-08-08 20:41:37,723 INFO  com.company.spring_service.SpringServiceApplication : DB_URL=jdbc:postgresql://localhost:5432/postgres
2026-08-08 20:41:37,724 INFO  com.company.spring_service.SpringServiceApplication : DB_USERNAME=postgres
2026-08-08 20:41:37,957 WARN  org.springframework.boot.autoconfigure.orm.jpa.JpaBaseConfiguration$JpaWebConfiguration : spring.jpa.open-in-view is enabled by default. Therefore, database queries may be performed during view rendering. Explicitly configure spring.jpa.open-in-view to disable this warning
2026-08-08 20:41:37,995 DEBUG org.springframework.web.servlet.mvc.method.annotation.RequestMappingHandlerMapping : 7 mappings in 'requestMappingHandlerMapping'
2026-08-08 20:41:38,024 DEBUG org.springframework.web.servlet.function.support.RouterFunctionMapping : 1 RouterFunction(s) in 'routerFunctionMapping'
2026-08-08 20:41:38,034 DEBUG org.springframework.web.servlet.handler.SimpleUrlHandlerMapping : Patterns [/webjars/**, /**] in 'resourceHandlerMapping'
2026-08-08 20:41:38,048 DEBUG org.springframework.web.servlet.mvc.method.annotation.RequestMappingHandlerAdapter : ControllerAdvice beans: 0 @ModelAttribute, 0 @InitBinder, 1 RequestBodyAdvice, 1 ResponseBodyAdvice
2026-08-08 20:41:38,073 DEBUG org.springframework.web.servlet.mvc.method.annotation.ExceptionHandlerExceptionResolver : ControllerAdvice beans: 1 @ExceptionHandler, 1 ResponseBodyAdvice
2026-08-08 20:41:38,078 INFO  org.springframework.ai.mcp.server.autoconfigure.McpServerAutoConfiguration : Enable tools capabilities, notification: true
2026-08-08 20:41:38,104 INFO  org.springframework.ai.mcp.server.autoconfigure.McpServerAutoConfiguration : Registered tools: 1
2026-08-08 20:41:38,104 INFO  org.springframework.ai.mcp.server.autoconfigure.McpServerAutoConfiguration : Enable resources capabilities, notification: true
2026-08-08 20:41:38,104 INFO  org.springframework.ai.mcp.server.autoconfigure.McpServerAutoConfiguration : Enable prompts capabilities, notification: true
2026-08-08 20:41:38,105 INFO  org.springframework.ai.mcp.server.autoconfigure.McpServerAutoConfiguration : Enable completions capabilities
2026-08-08 20:41:38,235 INFO  org.springframework.boot.actuate.endpoint.web.EndpointLinksResolver : Exposing 4 endpoints beneath base path '/actuator'
2026-08-08 20:41:38,292 INFO  org.springframework.boot.web.embedded.tomcat.TomcatWebServer : Tomcat started on port 8080 (http) with context path '/'
2026-08-08 20:41:38,312 INFO  org.apache.kafka.clients.consumer.ConsumerConfig : ConsumerConfig values: 
	allow.auto.create.topics = true
	auto.commit.interval.ms = 5000
	auto.include.jmx.reporter = true
	auto.offset.reset = earliest
	bootstrap.servers = [localhost:9092]
	check.crcs = true
	client.dns.lookup = use_all_dns_ips
	client.id = consumer-audit-group-1
	client.rack = 
	connections.max.idle.ms = 540000
	default.api.timeout.ms = 60000
	enable.auto.commit = false
	enable.metrics.push = true
	exclude.internal.topics = true
	fetch.max.bytes = 52428800
	fetch.max.wait.ms = 500
	fetch.min.bytes = 1
	group.id = audit-group
	group.instance.id = null
	group.protocol = classic
	group.remote.assignor = null
	heartbeat.interval.ms = 3000
	interceptor.classes = []
	internal.leave.group.on.close = true
	internal.throw.on.fetch.stable.offset.unsupported = false
	isolation.level = read_uncommitted
	key.deserializer = class org.apache.kafka.common.serialization.StringDeserializer
	max.partition.fetch.bytes = 1048576
	max.poll.interval.ms = 300000
	max.poll.records = 500
	metadata.max.age.ms = 300000
	metadata.recovery.strategy = none
	metric.reporters = []
	metrics.num.samples = 2
	metrics.recording.level = INFO
	metrics.sample.window.ms = 30000
	partition.assignment.strategy = [class org.apache.kafka.clients.consumer.RangeAssignor, class org.apache.kafka.clients.consumer.CooperativeStickyAssignor]
	receive.buffer.bytes = 65536
	reconnect.backoff.max.ms = 1000
	reconnect.backoff.ms = 50
	request.timeout.ms = 30000
	retry.backoff.max.ms = 1000
	retry.backoff.ms = 100
	sasl.client.callback.handler.class = null
	sasl.jaas.config = null
	sasl.kerberos.kinit.cmd = /usr/bin/kinit
	sasl.kerberos.min.time.before.relogin = 60000
	sasl.kerberos.service.name = null
	sasl.kerberos.ticket.renew.jitter = 0.05
	sasl.kerberos.ticket.renew.window.factor = 0.8
	sasl.login.callback.handler.class = null
	sasl.login.class = null
	sasl.login.connect.timeout.ms = null
	sasl.login.read.timeout.ms = null
	sasl.login.refresh.buffer.seconds = 300
	sasl.login.refresh.min.period.seconds = 60
	sasl.login.refresh.window.factor = 0.8
	sasl.login.refresh.window.jitter = 0.05
	sasl.login.retry.backoff.max.ms = 10000
	sasl.login.retry.backoff.ms = 100
	sasl.mechanism = GSSAPI
	sasl.oauthbearer.clock.skew.seconds = 30
	sasl.oauthbearer.expected.audience = null
	sasl.oauthbearer.expected.issuer = null
	sasl.oauthbearer.header.urlencode = false
	sasl.oauthbearer.jwks.endpoint.refresh.ms = 3600000
	sasl.oauthbearer.jwks.endpoint.retry.backoff.max.ms = 10000
	sasl.oauthbearer.jwks.endpoint.retry.backoff.ms = 100
	sasl.oauthbearer.jwks.endpoint.url = null
	sasl.oauthbearer.scope.claim.name = scope
	sasl.oauthbearer.sub.claim.name = sub
	sasl.oauthbearer.token.endpoint.url = null
	security.protocol = PLAINTEXT
	security.providers = null
	send.buffer.bytes = 131072
	session.timeout.ms = 45000
	socket.connection.setup.timeout.max.ms = 30000
	socket.connection.setup.timeout.ms = 10000
	ssl.cipher.suites = null
	ssl.enabled.protocols = [TLSv1.2, TLSv1.3]
	ssl.endpoint.identification.algorithm = https
	ssl.engine.factory.class = null
	ssl.key.password = null
	ssl.keymanager.algorithm = SunX509
	ssl.keystore.certificate.chain = null
	ssl.keystore.key = null
	ssl.keystore.location = null
	ssl.keystore.password = null
	ssl.keystore.type = JKS
	ssl.protocol = TLSv1.3
	ssl.provider = null
	ssl.secure.random.implementation = null
	ssl.trustmanager.algorithm = PKIX
	ssl.truststore.certificates = null
	ssl.truststore.location = null
	ssl.truststore.password = null
	ssl.truststore.type = JKS
	value.deserializer = class org.springframework.kafka.support.serializer.JsonDeserializer

2026-08-08 20:41:38,338 INFO  org.apache.kafka.common.telemetry.internals.KafkaMetricsCollector : initializing Kafka metrics collector
2026-08-08 20:41:38,396 INFO  org.apache.kafka.common.utils.AppInfoParser : Kafka version: 3.9.1
2026-08-08 20:41:38,396 INFO  org.apache.kafka.common.utils.AppInfoParser : Kafka commitId: f745dfdcee2b9851
2026-08-08 20:41:38,396 INFO  org.apache.kafka.common.utils.AppInfoParser : Kafka startTimeMs: 1786201898395
2026-08-08 20:41:38,402 INFO  org.apache.kafka.clients.consumer.internals.ClassicKafkaConsumer : [Consumer clientId=consumer-audit-group-1, groupId=audit-group] Subscribed to topic(s): user-events
2026-08-08 20:41:38,406 INFO  org.apache.kafka.clients.consumer.ConsumerConfig : ConsumerConfig values: 
	allow.auto.create.topics = true
	auto.commit.interval.ms = 5000
	auto.include.jmx.reporter = true
	auto.offset.reset = earliest
	bootstrap.servers = [localhost:9092]
	check.crcs = true
	client.dns.lookup = use_all_dns_ips
	client.id = consumer-user-service-group-2
	client.rack = 
	connections.max.idle.ms = 540000
	default.api.timeout.ms = 60000
	enable.auto.commit = false
	enable.metrics.push = true
	exclude.internal.topics = true
	fetch.max.bytes = 52428800
	fetch.max.wait.ms = 500
	fetch.min.bytes = 1
	group.id = user-service-group
	group.instance.id = null
	group.protocol = classic
	group.remote.assignor = null
	heartbeat.interval.ms = 3000
	interceptor.classes = []
	internal.leave.group.on.close = true
	internal.throw.on.fetch.stable.offset.unsupported = false
	isolation.level = read_uncommitted
	key.deserializer = class org.apache.kafka.common.serialization.StringDeserializer
	max.partition.fetch.bytes = 1048576
	max.poll.interval.ms = 300000
	max.poll.records = 500
	metadata.max.age.ms = 300000
	metadata.recovery.strategy = none
	metric.reporters = []
	metrics.num.samples = 2
	metrics.recording.level = INFO
	metrics.sample.window.ms = 30000
	partition.assignment.strategy = [class org.apache.kafka.clients.consumer.RangeAssignor, class org.apache.kafka.clients.consumer.CooperativeStickyAssignor]
	receive.buffer.bytes = 65536
	reconnect.backoff.max.ms = 1000
	reconnect.backoff.ms = 50
	request.timeout.ms = 30000
	retry.backoff.max.ms = 1000
	retry.backoff.ms = 100
	sasl.client.callback.handler.class = null
	sasl.jaas.config = null
	sasl.kerberos.kinit.cmd = /usr/bin/kinit
	sasl.kerberos.min.time.before.relogin = 60000
	sasl.kerberos.service.name = null
	sasl.kerberos.ticket.renew.jitter = 0.05
	sasl.kerberos.ticket.renew.window.factor = 0.8
	sasl.login.callback.handler.class = null
	sasl.login.class = null
	sasl.login.connect.timeout.ms = null
	sasl.login.read.timeout.ms = null
	sasl.login.refresh.buffer.seconds = 300
	sasl.login.refresh.min.period.seconds = 60
	sasl.login.refresh.window.factor = 0.8
	sasl.login.refresh.window.jitter = 0.05
	sasl.login.retry.backoff.max.ms = 10000
	sasl.login.retry.backoff.ms = 100
	sasl.mechanism = GSSAPI
	sasl.oauthbearer.clock.skew.seconds = 30
	sasl.oauthbearer.expected.audience = null
	sasl.oauthbearer.expected.issuer = null
	sasl.oauthbearer.header.urlencode = false
	sasl.oauthbearer.jwks.endpoint.refresh.ms = 3600000
	sasl.oauthbearer.jwks.endpoint.retry.backoff.max.ms = 10000
	sasl.oauthbearer.jwks.endpoint.retry.backoff.ms = 100
	sasl.oauthbearer.jwks.endpoint.url = null
	sasl.oauthbearer.scope.claim.name = scope
	sasl.oauthbearer.sub.claim.name = sub
	sasl.oauthbearer.token.endpoint.url = null
	security.protocol = PLAINTEXT
	security.providers = null
	send.buffer.bytes = 131072
	session.timeout.ms = 45000
	socket.connection.setup.timeout.max.ms = 30000
	socket.connection.setup.timeout.ms = 10000
	ssl.cipher.suites = null
	ssl.enabled.protocols = [TLSv1.2, TLSv1.3]
	ssl.endpoint.identification.algorithm = https
	ssl.engine.factory.class = null
	ssl.key.password = null
	ssl.keymanager.algorithm = SunX509
	ssl.keystore.certificate.chain = null
	ssl.keystore.key = null
	ssl.keystore.location = null
	ssl.keystore.password = null
	ssl.keystore.type = JKS
	ssl.protocol = TLSv1.3
	ssl.provider = null
	ssl.secure.random.implementation = null
	ssl.trustmanager.algorithm = PKIX
	ssl.truststore.certificates = null
	ssl.truststore.location = null
	ssl.truststore.password = null
	ssl.truststore.type = JKS
	value.deserializer = class org.springframework.kafka.support.serializer.JsonDeserializer

2026-08-08 20:41:38,406 INFO  org.apache.kafka.common.telemetry.internals.KafkaMetricsCollector : initializing Kafka metrics collector
2026-08-08 20:41:38,409 INFO  org.apache.kafka.common.utils.AppInfoParser : Kafka version: 3.9.1
2026-08-08 20:41:38,409 INFO  org.apache.kafka.common.utils.AppInfoParser : Kafka commitId: f745dfdcee2b9851
2026-08-08 20:41:38,409 INFO  org.apache.kafka.common.utils.AppInfoParser : Kafka startTimeMs: 1786201898409
2026-08-08 20:41:38,412 INFO  org.apache.kafka.clients.consumer.internals.ClassicKafkaConsumer : [Consumer clientId=consumer-user-service-group-2, groupId=user-service-group] Subscribed to topic(s): user-events
2026-08-08 20:41:38,634 DEBUG org.springframework.boot.autoconfigure.logging.ConditionEvaluationReportLogger : 


============================
CONDITIONS EVALUATION REPORT
============================


Positive matches:
-----------------

   ActiveMQConnectionFactoryConfiguration.SimpleConnectionFactoryConfiguration matched:
      - @ConditionalOnBooleanProperty (spring.activemq.pool.enabled=false) matched (OnPropertyCondition)

   ActiveMQConnectionFactoryConfiguration.SimpleConnectionFactoryConfiguration.CachingConnectionFactoryConfiguration matched:
      - @ConditionalOnClass found required class 'org.springframework.jms.connection.CachingConnectionFactory' (OnClassCondition)
      - @ConditionalOnBooleanProperty (spring.jms.cache.enabled=true) matched (OnPropertyCondition)

   ActiveMQXAConnectionFactoryConfiguration matched:
      - @ConditionalOnClass found required class 'jakarta.transaction.TransactionManager' (OnClassCondition)

   AopAutoConfiguration matched:
      - @ConditionalOnBooleanProperty (spring.aop.auto=true) matched (OnPropertyCondition)

   AopAutoConfiguration.AspectJAutoProxyingConfiguration matched:
      - @ConditionalOnClass found required class 'org.aspectj.weaver.Advice' (OnClassCondition)

   AopAutoConfiguration.AspectJAutoProxyingConfiguration.CglibAutoProxyConfiguration matched:
      - @ConditionalOnBooleanProperty (spring.aop.proxy-target-class=true) matched (OnPropertyCondition)

   ApplicationAvailabilityAutoConfiguration#applicationAvailability matched:
      - @ConditionalOnMissingBean (types: org.springframework.boot.availability.ApplicationAvailability; SearchStrategy: all) did not find any beans (OnBeanCondition)

   CacheMeterBinderProvidersConfiguration matched:
      - @ConditionalOnClass found required class 'io.micrometer.core.instrument.binder.MeterBinder' (OnClassCondition)

   org.springframework.boot.autoconfigure.http.client.reactive.ClientHttpConnectorAutoConfiguration matched:
      - @ConditionalOnClass found required classes 'org.springframework.http.client.reactive.ClientHttpConnector', 'reactor.core.publisher.Mono' (OnClassCondition)
      - Detected ClientHttpConnectorBuilder (ConditionalOnClientHttpConnectorBuilderDetection)

   ClientHttpConnectorAutoConfiguration#clientHttpConnector matched:
      - @ConditionalOnMissingBean (types: org.springframework.http.client.reactive.ClientHttpConnector; SearchStrategy: all) did not find any beans (OnBeanCondition)

   ClientHttpConnectorAutoConfiguration#clientHttpConnectorBuilder matched:
      - @ConditionalOnMissingBean (types: org.springframework.boot.http.client.reactive.ClientHttpConnectorBuilder<?>; SearchStrategy: all) did not find any beans (OnBeanCondition)

   ClientHttpConnectorAutoConfiguration#clientHttpConnectorSettings matched:
      - @ConditionalOnMissingBean (types: org.springframework.boot.http.client.reactive.ClientHttpConnectorSettings; SearchStrategy: all) did not find any beans (OnBeanCondition)

   CompositeMeterRegistryAutoConfiguration matched:
      - @ConditionalOnClass found required class 'io.micrometer.core.instrument.composite.CompositeMeterRegistry' (OnClassCondition)

   DataSourceAutoConfiguration matched:
      - @ConditionalOnClass found required classes 'javax.sql.DataSource', 'org.springframework.jdbc.datasource.embedded.EmbeddedDatabaseType' (OnClassCondition)
      - @ConditionalOnMissingBean (types: ?; SearchStrategy: all) did not find any beans (OnBeanCondition)

   DataSourceAutoConfiguration.PooledDataSourceConfiguration matched:
      - AnyNestedCondition 1 matched 1 did not; NestedCondition on DataSourceAutoConfiguration.PooledDataSourceCondition.PooledDataSourceAvailable PooledDataSource found supported DataSource; NestedCondition on DataSourceAutoConfiguration.PooledDataSourceCondition.ExplicitType @ConditionalOnProperty (spring.datasource.type) did not find property 'spring.datasource.type' (DataSourceAutoConfiguration.PooledDataSourceCondition)
      - @ConditionalOnMissingBean (types: javax.sql.DataSource,javax.sql.XADataSource; SearchStrategy: all) did not find any beans (OnBeanCondition)

   DataSourceAutoConfiguration.PooledDataSourceConfiguration#jdbcConnectionDetails matched:
      - @ConditionalOnMissingBean (types: org.springframework.boot.autoconfigure.jdbc.JdbcConnectionDetails; SearchStrategy: all) did not find any beans (OnBeanCondition)

   DataSourceConfiguration.Hikari matched:
      - @ConditionalOnClass found required class 'com.zaxxer.hikari.HikariDataSource' (OnClassCondition)
      - @ConditionalOnProperty (spring.datasource.type=com.zaxxer.hikari.HikariDataSource) matched (OnPropertyCondition)
      - @ConditionalOnMissingBean (types: javax.sql.DataSource; SearchStrategy: all) did not find any beans (OnBeanCondition)

   DataSourceHealthContributorAutoConfiguration matched:
      - @ConditionalOnClass found required classes 'org.springframework.jdbc.core.JdbcTemplate', 'org.springframework.jdbc.datasource.lookup.AbstractRoutingDataSource' (OnClassCondition)
      - @ConditionalOnEnabledHealthIndicator management.health.defaults.enabled is considered true (OnEnabledHealthIndicatorCondition)
      - @ConditionalOnBean (types: javax.sql.DataSource; SearchStrategy: all) found bean 'dataSource' (OnBeanCondition)

   DataSourceHealthContributorAutoConfiguration#dbHealthContributor matched:
      - @ConditionalOnMissingBean (names: dbHealthIndicator,dbHealthContributor; SearchStrategy: all) did not find any beans (OnBeanCondition)

   DataSourceInitializationConfiguration matched:
      - @ConditionalOnClass found required class 'org.springframework.jdbc.datasource.init.DatabasePopulator' (OnClassCondition)
      - @ConditionalOnSingleCandidate (types: javax.sql.DataSource; SearchStrategy: all) found a single bean 'dataSource'; @ConditionalOnMissingBean (types: org.springframework.boot.autoconfigure.sql.init.SqlDataSourceScriptDatabaseInitializer,org.springframework.boot.autoconfigure.sql.init.SqlR2dbcScriptDatabaseInitializer; SearchStrategy: all) did not find any beans (OnBeanCondition)

   DataSourcePoolMetadataProvidersConfiguration.HikariPoolDataSourceMetadataProviderConfiguration matched:
      - @ConditionalOnClass found required class 'com.zaxxer.hikari.HikariDataSource' (OnClassCondition)

   DataSourcePoolMetricsAutoConfiguration matched:
      - @ConditionalOnClass found required classes 'javax.sql.DataSource', 'io.micrometer.core.instrument.MeterRegistry' (OnClassCondition)
      - @ConditionalOnBean (types: javax.sql.DataSource,io.micrometer.core.instrument.MeterRegistry; SearchStrategy: all) found beans 'prometheusMeterRegistry', 'dataSource' (OnBeanCondition)

   DataSourcePoolMetricsAutoConfiguration.DataSourcePoolMetadataMetricsConfiguration matched:
      - @ConditionalOnBean (types: org.springframework.boot.jdbc.metadata.DataSourcePoolMetadataProvider; SearchStrategy: all) found bean 'hikariPoolDataSourceMetadataProvider' (OnBeanCondition)

   DataSourcePoolMetricsAutoConfiguration.HikariDataSourceMetricsConfiguration matched:
      - @ConditionalOnClass found required class 'com.zaxxer.hikari.HikariDataSource' (OnClassCondition)

   DataSourceTransactionManagerAutoConfiguration matched:
      - @ConditionalOnClass found required classes 'javax.sql.DataSource', 'org.springframework.jdbc.core.JdbcTemplate', 'org.springframework.transaction.TransactionManager' (OnClassCondition)

   DataSourceTransactionManagerAutoConfiguration.JdbcTransactionManagerConfiguration matched:
      - @ConditionalOnSingleCandidate (types: javax.sql.DataSource; SearchStrategy: all) found a single bean 'dataSource' (OnBeanCondition)

   DiskSpaceHealthContributorAutoConfiguration matched:
      - @ConditionalOnEnabledHealthIndicator management.health.defaults.enabled is considered true (OnEnabledHealthIndicatorCondition)

   DiskSpaceHealthContributorAutoConfiguration#diskSpaceHealthIndicator matched:
      - @ConditionalOnMissingBean (names: diskSpaceHealthIndicator; SearchStrategy: all) did not find any beans (OnBeanCondition)

   DispatcherServletAutoConfiguration matched:
      - @ConditionalOnClass found required class 'org.springframework.web.servlet.DispatcherServlet' (OnClassCondition)
      - found 'session' scope (OnWebApplicationCondition)

   DispatcherServletAutoConfiguration.DispatcherServletConfiguration matched:
      - @ConditionalOnClass found required class 'jakarta.servlet.ServletRegistration' (OnClassCondition)
      - Default DispatcherServlet did not find dispatcher servlet beans (DispatcherServletAutoConfiguration.DefaultDispatcherServletCondition)

   DispatcherServletAutoConfiguration.DispatcherServletRegistrationConfiguration matched:
      - @ConditionalOnClass found required class 'jakarta.servlet.ServletRegistration' (OnClassCondition)
      - DispatcherServlet Registration did not find servlet registration bean (DispatcherServletAutoConfiguration.DispatcherServletRegistrationCondition)

   DispatcherServletAutoConfiguration.DispatcherServletRegistrationConfiguration#dispatcherServletRegistration matched:
      - @ConditionalOnBean (names: dispatcherServlet types: org.springframework.web.servlet.DispatcherServlet; SearchStrategy: all) found bean 'dispatcherServlet' (OnBeanCondition)

   EmbeddedWebServerFactoryCustomizerAutoConfiguration matched:
      - @ConditionalOnWebApplication (required) found 'session' scope (OnWebApplicationCondition)
      - @ConditionalOnWarDeployment the application is not deployed as a WAR file. (OnWarDeploymentCondition)

   EmbeddedWebServerFactoryCustomizerAutoConfiguration.TomcatWebServerFactoryCustomizerConfiguration matched:
      - @ConditionalOnClass found required classes 'org.apache.catalina.startup.Tomcat', 'org.apache.coyote.UpgradeProtocol' (OnClassCondition)

   EndpointAutoConfiguration#endpointCachingOperationInvokerAdvisor matched:
      - @ConditionalOnMissingBean (types: org.springframework.boot.actuate.endpoint.invoker.cache.CachingOperationInvokerAdvisor; SearchStrategy: all) did not find any beans (OnBeanCondition)

   EndpointAutoConfiguration#endpointOperationParameterMapper matched:
      - @ConditionalOnMissingBean (types: org.springframework.boot.actuate.endpoint.invoke.ParameterValueMapper; SearchStrategy: all) did not find any beans (OnBeanCondition)

   EndpointAutoConfiguration#propertiesEndpointAccessResolver matched:
      - @ConditionalOnMissingBean (types: org.springframework.boot.actuate.endpoint.EndpointAccessResolver; SearchStrategy: all) did not find any beans (OnBeanCondition)

   ErrorMvcAutoConfiguration matched:
      - @ConditionalOnClass found required classes 'jakarta.servlet.Servlet', 'org.springframework.web.servlet.DispatcherServlet' (OnClassCondition)
      - found 'session' scope (OnWebApplicationCondition)

   ErrorMvcAutoConfiguration#basicErrorController matched:
      - @ConditionalOnMissingBean (types: org.springframework.boot.web.servlet.error.ErrorController; SearchStrategy: current) did not find any beans (OnBeanCondition)

   ErrorMvcAutoConfiguration#errorAttributes matched:
      - @ConditionalOnMissingBean (types: org.springframework.boot.web.servlet.error.ErrorAttributes; SearchStrategy: current) did not find any beans (OnBeanCondition)

   ErrorMvcAutoConfiguration.DefaultErrorViewResolverConfiguration#conventionErrorViewResolver matched:
      - @ConditionalOnBean (types: org.springframework.web.servlet.DispatcherServlet; SearchStrategy: all) found bean 'dispatcherServlet'; @ConditionalOnMissingBean (types: org.springframework.boot.autoconfigure.web.servlet.error.ErrorViewResolver; SearchStrategy: all) did not find any beans (OnBeanCondition)

   ErrorMvcAutoConfiguration.WhitelabelErrorViewConfiguration matched:
      - @ConditionalOnBooleanProperty (server.error.whitelabel.enabled=true) matched (OnPropertyCondition)
      - ErrorTemplate Missing did not find error template view (ErrorMvcAutoConfiguration.ErrorTemplateMissingCondition)

   ErrorMvcAutoConfiguration.WhitelabelErrorViewConfiguration#beanNameViewResolver matched:
      - @ConditionalOnMissingBean (types: org.springframework.web.servlet.view.BeanNameViewResolver; SearchStrategy: all) did not find any beans (OnBeanCondition)

   ErrorMvcAutoConfiguration.WhitelabelErrorViewConfiguration#defaultErrorView matched:
      - @ConditionalOnMissingBean (names: error; SearchStrategy: all) did not find any beans (OnBeanCondition)

   GenericCacheConfiguration matched:
      - Cache org.springframework.boot.autoconfigure.cache.GenericCacheConfiguration automatic cache type (CacheCondition)

   HealthContributorAutoConfiguration#pingHealthContributor matched:
      - @ConditionalOnEnabledHealthIndicator management.health.defaults.enabled is considered true (OnEnabledHealthIndicatorCondition)

   HealthEndpointAutoConfiguration matched:
      - @ConditionalOnAvailableEndpoint marked as exposed by a 'management.endpoints.web.exposure' property (OnAvailableEndpointCondition)

   HealthEndpointConfiguration#healthContributorRegistry matched:
      - @ConditionalOnMissingBean (types: org.springframework.boot.actuate.health.HealthContributorRegistry; SearchStrategy: all) did not find any beans (OnBeanCondition)

   HealthEndpointConfiguration#healthEndpoint matched:
      - @ConditionalOnMissingBean (types: org.springframework.boot.actuate.health.HealthEndpoint; SearchStrategy: all) did not find any beans (OnBeanCondition)

   HealthEndpointConfiguration#healthEndpointGroupMembershipValidator matched:
      - @ConditionalOnBooleanProperty (management.endpoint.health.validate-group-membership=true) matched (OnPropertyCondition)

   HealthEndpointConfiguration#healthEndpointGroups matched:
      - @ConditionalOnMissingBean (types: org.springframework.boot.actuate.health.HealthEndpointGroups; SearchStrategy: all) did not find any beans (OnBeanCondition)

   HealthEndpointConfiguration#healthHttpCodeStatusMapper matched:
      - @ConditionalOnMissingBean (types: org.springframework.boot.actuate.health.HttpCodeStatusMapper; SearchStrategy: all) did not find any beans (OnBeanCondition)

   HealthEndpointConfiguration#healthStatusAggregator matched:
      - @ConditionalOnMissingBean (types: org.springframework.boot.actuate.health.StatusAggregator; SearchStrategy: all) did not find any beans (OnBeanCondition)

   HealthEndpointWebExtensionConfiguration matched:
      - found 'session' scope (OnWebApplicationCondition)
      - @ConditionalOnAvailableEndpoint marked as exposed by a 'management.endpoints.web.exposure' property (OnAvailableEndpointCondition)
      - @ConditionalOnBean (types: org.springframework.boot.actuate.health.HealthEndpoint; SearchStrategy: all) found bean 'healthEndpoint' (OnBeanCondition)

   HealthEndpointWebExtensionConfiguration#healthEndpointWebExtension matched:
      - @ConditionalOnMissingBean (types: org.springframework.boot.actuate.health.HealthEndpointWebExtension; SearchStrategy: all) did not find any beans (OnBeanCondition)

   HealthEndpointWebExtensionConfiguration.MvcAdditionalHealthEndpointPathsConfiguration matched:
      - @ConditionalOnBean (types: org.springframework.web.servlet.DispatcherServlet; SearchStrategy: all) found bean 'dispatcherServlet' (OnBeanCondition)

   HibernateJpaAutoConfiguration matched:
      - @ConditionalOnClass found required classes 'org.springframework.orm.jpa.LocalContainerEntityManagerFactoryBean', 'jakarta.persistence.EntityManager', 'org.hibernate.engine.spi.SessionImplementor' (OnClassCondition)

   HibernateJpaConfiguration matched:
      - @ConditionalOnSingleCandidate (types: javax.sql.DataSource; SearchStrategy: all) found a single bean 'dataSource' (OnBeanCondition)

   HttpClientAutoConfiguration matched:
      - @ConditionalOnClass found required class 'org.springframework.http.client.ClientHttpRequestFactory' (OnClassCondition)
      - NoneNestedConditions 0 matched 1 did not; NestedCondition on NotReactiveWebApplicationCondition.ReactiveWebApplication did not find reactive web application classes (NotReactiveWebApplicationCondition)

   HttpClientAutoConfiguration#clientHttpRequestFactoryBuilder matched:
      - @ConditionalOnMissingBean (types: org.springframework.boot.http.client.ClientHttpRequestFactoryBuilder<?>; SearchStrategy: all) did not find any beans (OnBeanCondition)

   HttpClientAutoConfiguration#clientHttpRequestFactorySettings matched:
      - @ConditionalOnMissingBean (types: org.springframework.boot.http.client.ClientHttpRequestFactorySettings; SearchStrategy: all) did not find any beans (OnBeanCondition)

   HttpClientObservationsAutoConfiguration matched:
      - @ConditionalOnClass found required class 'io.micrometer.observation.Observation' (OnClassCondition)
      - @ConditionalOnBean (types: io.micrometer.observation.ObservationRegistry; SearchStrategy: all) found bean 'observationRegistry' (OnBeanCondition)

   HttpClientObservationsAutoConfiguration.MeterFilterConfiguration matched:
      - @ConditionalOnClass found required class 'io.micrometer.core.instrument.MeterRegistry' (OnClassCondition)
      - @ConditionalOnBean (types: io.micrometer.core.instrument.MeterRegistry; SearchStrategy: all) found bean 'prometheusMeterRegistry' (OnBeanCondition)

   HttpEncodingAutoConfiguration matched:
      - @ConditionalOnClass found required class 'org.springframework.web.filter.CharacterEncodingFilter' (OnClassCondition)
      - found 'session' scope (OnWebApplicationCondition)
      - @ConditionalOnBooleanProperty (server.servlet.encoding.enabled=true) matched (OnPropertyCondition)

   HttpEncodingAutoConfiguration#characterEncodingFilter matched:
      - @ConditionalOnMissingBean (types: org.springframework.web.filter.CharacterEncodingFilter; SearchStrategy: all) did not find any beans (OnBeanCondition)

   HttpMessageConvertersAutoConfiguration matched:
      - @ConditionalOnClass found required class 'org.springframework.http.converter.HttpMessageConverter' (OnClassCondition)
      - NoneNestedConditions 0 matched 1 did not; NestedCondition on HttpMessageConvertersAutoConfiguration.NotReactiveWebApplicationCondition.ReactiveWebApplication did not find reactive web application classes (HttpMessageConvertersAutoConfiguration.NotReactiveWebApplicationCondition)

   HttpMessageConvertersAutoConfiguration#messageConverters matched:
      - @ConditionalOnMissingBean (types: org.springframework.boot.autoconfigure.http.HttpMessageConverters; SearchStrategy: all) did not find any beans (OnBeanCondition)

   HttpMessageConvertersAutoConfiguration.StringHttpMessageConverterConfiguration matched:
      - @ConditionalOnClass found required class 'org.springframework.http.converter.StringHttpMessageConverter' (OnClassCondition)

   HttpMessageConvertersAutoConfiguration.StringHttpMessageConverterConfiguration#stringHttpMessageConverter matched:
      - @ConditionalOnMissingBean (types: org.springframework.http.converter.StringHttpMessageConverter; SearchStrategy: all) did not find any beans (OnBeanCondition)

   InfoEndpointAutoConfiguration matched:
      - @ConditionalOnAvailableEndpoint marked as exposed by a 'management.endpoints.web.exposure' property (OnAvailableEndpointCondition)

   InfoEndpointAutoConfiguration#infoEndpoint matched:
      - @ConditionalOnMissingBean (types: org.springframework.boot.actuate.info.InfoEndpoint; SearchStrategy: all) did not find any beans (OnBeanCondition)

   JacksonAutoConfiguration matched:
      - @ConditionalOnClass found required class 'com.fasterxml.jackson.databind.ObjectMapper' (OnClassCondition)

   JacksonAutoConfiguration.Jackson2ObjectMapperBuilderCustomizerConfiguration matched:
      - @ConditionalOnClass found required class 'org.springframework.http.converter.json.Jackson2ObjectMapperBuilder' (OnClassCondition)

   JacksonAutoConfiguration.JacksonObjectMapperBuilderConfiguration matched:
      - @ConditionalOnClass found required class 'org.springframework.http.converter.json.Jackson2ObjectMapperBuilder' (OnClassCondition)

   JacksonAutoConfiguration.JacksonObjectMapperBuilderConfiguration#jacksonObjectMapperBuilder matched:
      - @ConditionalOnMissingBean (types: org.springframework.http.converter.json.Jackson2ObjectMapperBuilder; SearchStrategy: all) did not find any beans (OnBeanCondition)

   JacksonAutoConfiguration.JacksonObjectMapperConfiguration matched:
      - @ConditionalOnClass found required class 'org.springframework.http.converter.json.Jackson2ObjectMapperBuilder' (OnClassCondition)

   JacksonAutoConfiguration.JacksonObjectMapperConfiguration#jacksonObjectMapper matched:
      - @ConditionalOnMissingBean (types: com.fasterxml.jackson.databind.ObjectMapper; SearchStrategy: all) did not find any beans (OnBeanCondition)

   JacksonAutoConfiguration.ParameterNamesModuleConfiguration matched:
      - @ConditionalOnClass found required class 'com.fasterxml.jackson.module.paramnames.ParameterNamesModule' (OnClassCondition)

   JacksonAutoConfiguration.ParameterNamesModuleConfiguration#parameterNamesModule matched:
      - @ConditionalOnMissingBean (types: com.fasterxml.jackson.module.paramnames.ParameterNamesModule; SearchStrategy: all) did not find any beans (OnBeanCondition)

   JacksonEndpointAutoConfiguration#endpointObjectMapper matched:
      - @ConditionalOnClass found required classes 'com.fasterxml.jackson.databind.ObjectMapper', 'org.springframework.http.converter.json.Jackson2ObjectMapperBuilder' (OnClassCondition)
      - @ConditionalOnBooleanProperty (management.endpoints.jackson.isolated-object-mapper=true) matched (OnPropertyCondition)

   JacksonHttpMessageConvertersConfiguration.MappingJackson2HttpMessageConverterConfiguration matched:
      - @ConditionalOnClass found required class 'com.fasterxml.jackson.databind.ObjectMapper' (OnClassCondition)
      - @ConditionalOnPreferredJsonMapper JACKSON no property was configured and Jackson is the default (OnPreferredJsonMapperCondition)
      - @ConditionalOnBean (types: com.fasterxml.jackson.databind.ObjectMapper; SearchStrategy: all) found bean 'jacksonObjectMapper' (OnBeanCondition)

   JacksonHttpMessageConvertersConfiguration.MappingJackson2HttpMessageConverterConfiguration#mappingJackson2HttpMessageConverter matched:
      - @ConditionalOnMissingBean (types: org.springframework.http.converter.json.MappingJackson2HttpMessageConverter ignored: ?; SearchStrategy: all) did not find any beans (OnBeanCondition)

   JdbcClientAutoConfiguration matched:
      - @ConditionalOnSingleCandidate (types: org.springframework.jdbc.core.namedparam.NamedParameterJdbcTemplate; SearchStrategy: all) found a single bean 'namedParameterJdbcTemplate'; @ConditionalOnMissingBean (types: org.springframework.jdbc.core.simple.JdbcClient; SearchStrategy: all) did not find any beans (OnBeanCondition)

   JdbcTemplateAutoConfiguration matched:
      - @ConditionalOnClass found required classes 'javax.sql.DataSource', 'org.springframework.jdbc.core.JdbcTemplate' (OnClassCondition)
      - @ConditionalOnSingleCandidate (types: javax.sql.DataSource; SearchStrategy: all) found a single bean 'dataSource' (OnBeanCondition)

   JdbcTemplateConfiguration matched:
      - @ConditionalOnMissingBean (types: org.springframework.jdbc.core.JdbcOperations; SearchStrategy: all) did not find any beans (OnBeanCondition)

   JmsAnnotationDrivenConfiguration matched:
      - @ConditionalOnClass found required class 'org.springframework.jms.annotation.EnableJms' (OnClassCondition)

   JmsAnnotationDrivenConfiguration#jmsListenerContainerFactory matched:
      - @ConditionalOnSingleCandidate (types: jakarta.jms.ConnectionFactory; SearchStrategy: all) found a single bean 'amazonMQConnectionFactory'; @ConditionalOnMissingBean (names: jmsListenerContainerFactory; SearchStrategy: all) did not find any beans (OnBeanCondition)

   JmsAnnotationDrivenConfiguration#jmsListenerContainerFactoryConfigurer matched:
      - @ConditionalOnMissingBean (types: org.springframework.boot.autoconfigure.jms.DefaultJmsListenerContainerFactoryConfigurer; SearchStrategy: all) did not find any beans (OnBeanCondition)

   JmsAutoConfiguration matched:
      - @ConditionalOnClass found required classes 'jakarta.jms.Message', 'org.springframework.jms.core.JmsTemplate' (OnClassCondition)
      - @ConditionalOnBean (types: jakarta.jms.ConnectionFactory; SearchStrategy: all) found bean 'amazonMQConnectionFactory' (OnBeanCondition)

   JmsAutoConfiguration.MessagingTemplateConfiguration matched:
      - @ConditionalOnClass found required class 'org.springframework.jms.core.JmsMessagingTemplate' (OnClassCondition)

   JmsAutoConfiguration.MessagingTemplateConfiguration#jmsMessagingTemplate matched:
      - @ConditionalOnSingleCandidate (types: org.springframework.jms.core.JmsTemplate; SearchStrategy: all) found a single bean 'jmsTemplate'; @ConditionalOnMissingBean (types: org.springframework.jms.core.JmsMessageOperations; SearchStrategy: all) did not find any beans (OnBeanCondition)

   JmsHealthContributorAutoConfiguration matched:
      - @ConditionalOnClass found required class 'jakarta.jms.ConnectionFactory' (OnClassCondition)
      - @ConditionalOnEnabledHealthIndicator management.health.defaults.enabled is considered true (OnEnabledHealthIndicatorCondition)
      - @ConditionalOnBean (types: jakarta.jms.ConnectionFactory; SearchStrategy: all) found bean 'amazonMQConnectionFactory' (OnBeanCondition)

   JmsHealthContributorAutoConfiguration#jmsHealthContributor matched:
      - @ConditionalOnMissingBean (names: jmsHealthIndicator,jmsHealthContributor; SearchStrategy: all) did not find any beans (OnBeanCondition)

   JpaBaseConfiguration#entityManagerFactory matched:
      - @ConditionalOnMissingBean (types: org.springframework.orm.jpa.LocalContainerEntityManagerFactoryBean,jakarta.persistence.EntityManagerFactory; SearchStrategy: all) did not find any beans (OnBeanCondition)

   JpaBaseConfiguration#entityManagerFactoryBuilder matched:
      - @ConditionalOnMissingBean (types: org.springframework.boot.orm.jpa.EntityManagerFactoryBuilder; SearchStrategy: all) did not find any beans (OnBeanCondition)

   JpaBaseConfiguration#jpaVendorAdapter matched:
      - @ConditionalOnMissingBean (types: org.springframework.orm.jpa.JpaVendorAdapter; SearchStrategy: all) did not find any beans (OnBeanCondition)

   JpaBaseConfiguration#transactionManager matched:
      - @ConditionalOnMissingBean (types: org.springframework.transaction.TransactionManager; SearchStrategy: all) did not find any beans (OnBeanCondition)

   JpaBaseConfiguration.JpaWebConfiguration matched:
      - @ConditionalOnClass found required class 'org.springframework.web.servlet.config.annotation.WebMvcConfigurer' (OnClassCondition)
      - found 'session' scope (OnWebApplicationCondition)
      - @ConditionalOnBooleanProperty (spring.jpa.open-in-view=true) matched (OnPropertyCondition)
      - @ConditionalOnMissingBean (types: org.springframework.orm.jpa.support.OpenEntityManagerInViewInterceptor,org.springframework.orm.jpa.support.OpenEntityManagerInViewFilter; SearchStrategy: all) did not find any beans (OnBeanCondition)

   JpaBaseConfiguration.PersistenceManagedTypesConfiguration matched:
      - @ConditionalOnMissingBean (types: org.springframework.orm.jpa.LocalContainerEntityManagerFactoryBean,jakarta.persistence.EntityManagerFactory; SearchStrategy: all) did not find any beans (OnBeanCondition)

   JpaBaseConfiguration.PersistenceManagedTypesConfiguration#persistenceManagedTypes matched:
      - @ConditionalOnMissingBean (types: org.springframework.orm.jpa.persistenceunit.PersistenceManagedTypes; SearchStrategy: all) did not find any beans (OnBeanCondition)

   JpaRepositoriesAutoConfiguration matched:
      - @ConditionalOnClass found required class 'org.springframework.data.jpa.repository.JpaRepository' (OnClassCondition)
      - @ConditionalOnBooleanProperty (spring.data.jpa.repositories.enabled=true) matched (OnPropertyCondition)
      - @ConditionalOnBean (types: javax.sql.DataSource; SearchStrategy: all) found bean 'dataSource'; @ConditionalOnMissingBean (types: org.springframework.data.jpa.repository.support.JpaRepositoryFactoryBean,org.springframework.data.jpa.repository.config.JpaRepositoryConfigExtension; SearchStrategy: all) did not find any beans (OnBeanCondition)

   JtaAutoConfiguration matched:
      - @ConditionalOnClass found required class 'jakarta.transaction.Transaction' (OnClassCondition)
      - @ConditionalOnBooleanProperty (spring.jta.enabled=true) matched (OnPropertyCondition)

   JvmMetricsAutoConfiguration matched:
      - @ConditionalOnClass found required class 'io.micrometer.core.instrument.MeterRegistry' (OnClassCondition)
      - @ConditionalOnBean (types: io.micrometer.core.instrument.MeterRegistry; SearchStrategy: all) found bean 'prometheusMeterRegistry' (OnBeanCondition)

   JvmMetricsAutoConfiguration#classLoaderMetrics matched:
      - @ConditionalOnMissingBean (types: io.micrometer.core.instrument.binder.jvm.ClassLoaderMetrics; SearchStrategy: all) did not find any beans (OnBeanCondition)

   JvmMetricsAutoConfiguration#jvmCompilationMetrics matched:
      - @ConditionalOnMissingBean (types: io.micrometer.core.instrument.binder.jvm.JvmCompilationMetrics; SearchStrategy: all) did not find any beans (OnBeanCondition)

   JvmMetricsAutoConfiguration#jvmGcMetrics matched:
      - @ConditionalOnMissingBean (types: io.micrometer.core.instrument.binder.jvm.JvmGcMetrics; SearchStrategy: all) did not find any beans (OnBeanCondition)

   JvmMetricsAutoConfiguration#jvmHeapPressureMetrics matched:
      - @ConditionalOnMissingBean (types: io.micrometer.core.instrument.binder.jvm.JvmHeapPressureMetrics; SearchStrategy: all) did not find any beans (OnBeanCondition)

   JvmMetricsAutoConfiguration#jvmInfoMetrics matched:
      - @ConditionalOnMissingBean (types: io.micrometer.core.instrument.binder.jvm.JvmInfoMetrics; SearchStrategy: all) did not find any beans (OnBeanCondition)

   JvmMetricsAutoConfiguration#jvmMemoryMetrics matched:
      - @ConditionalOnMissingBean (types: io.micrometer.core.instrument.binder.jvm.JvmMemoryMetrics; SearchStrategy: all) did not find any beans (OnBeanCondition)

   JvmMetricsAutoConfiguration#jvmThreadMetrics matched:
      - @ConditionalOnMissingBean (types: io.micrometer.core.instrument.binder.jvm.JvmThreadMetrics; SearchStrategy: all) did not find any beans (OnBeanCondition)

   KafkaAnnotationDrivenConfiguration matched:
      - @ConditionalOnClass found required class 'org.springframework.kafka.annotation.EnableKafka' (OnClassCondition)

   KafkaAnnotationDrivenConfiguration#kafkaListenerContainerFactory matched:
      - @ConditionalOnMissingBean (names: kafkaListenerContainerFactory; SearchStrategy: all) did not find any beans (OnBeanCondition)

   KafkaAnnotationDrivenConfiguration#kafkaListenerContainerFactoryConfigurer matched:
      - @ConditionalOnMissingBean (types: org.springframework.boot.autoconfigure.kafka.ConcurrentKafkaListenerContainerFactoryConfigurer; SearchStrategy: all) did not find any beans (OnBeanCondition)
      - @ConditionalOnThreading found PLATFORM (OnThreadingCondition)

   KafkaAutoConfiguration matched:
      - @ConditionalOnClass found required class 'org.springframework.kafka.core.KafkaTemplate' (OnClassCondition)

   KafkaAutoConfiguration#kafkaAdmin matched:
      - @ConditionalOnMissingBean (types: org.springframework.kafka.core.KafkaAdmin; SearchStrategy: all) did not find any beans (OnBeanCondition)

   KafkaAutoConfiguration#kafkaConnectionDetails matched:
      - @ConditionalOnMissingBean (types: org.springframework.boot.autoconfigure.kafka.KafkaConnectionDetails; SearchStrategy: all) did not find any beans (OnBeanCondition)

   KafkaAutoConfiguration#kafkaConsumerFactory matched:
      - @ConditionalOnMissingBean (types: org.springframework.kafka.core.ConsumerFactory; SearchStrategy: all) did not find any beans (OnBeanCondition)

   KafkaAutoConfiguration#kafkaProducerFactory matched:
      - @ConditionalOnMissingBean (types: org.springframework.kafka.core.ProducerFactory; SearchStrategy: all) did not find any beans (OnBeanCondition)

   KafkaAutoConfiguration#kafkaProducerListener matched:
      - @ConditionalOnMissingBean (types: org.springframework.kafka.support.ProducerListener; SearchStrategy: all) did not find any beans (OnBeanCondition)

   KafkaAutoConfiguration#kafkaTemplate matched:
      - @ConditionalOnMissingBean (types: org.springframework.kafka.core.KafkaTemplate; SearchStrategy: all) did not find any beans (OnBeanCondition)

   KafkaMetricsAutoConfiguration matched:
      - @ConditionalOnClass found required classes 'io.micrometer.core.instrument.binder.kafka.KafkaClientMetrics', 'org.springframework.kafka.core.ProducerFactory' (OnClassCondition)
      - @ConditionalOnBean (types: io.micrometer.core.instrument.MeterRegistry; SearchStrategy: all) found bean 'prometheusMeterRegistry' (OnBeanCondition)

   KafkaMetricsAutoConfiguration.KafkaStreamsMetricsConfiguration matched:
      - @ConditionalOnClass found required classes 'io.micrometer.core.instrument.binder.kafka.KafkaStreamsMetrics', 'org.springframework.kafka.config.StreamsBuilderFactoryBean' (OnClassCondition)

   LifecycleAutoConfiguration#defaultLifecycleProcessor matched:
      - @ConditionalOnMissingBean (names: lifecycleProcessor; SearchStrategy: current) did not find any beans (OnBeanCondition)

   LogbackMetricsAutoConfiguration matched:
      - @ConditionalOnClass found required classes 'io.micrometer.core.instrument.MeterRegistry', 'ch.qos.logback.classic.LoggerContext', 'org.slf4j.LoggerFactory' (OnClassCondition)
      - LogbackLoggingCondition ILoggerFactory is a Logback LoggerContext (LogbackMetricsAutoConfiguration.LogbackLoggingCondition)
      - @ConditionalOnBean (types: io.micrometer.core.instrument.MeterRegistry; SearchStrategy: all) found bean 'prometheusMeterRegistry' (OnBeanCondition)

   LogbackMetricsAutoConfiguration#logbackMetrics matched:
      - @ConditionalOnMissingBean (types: io.micrometer.core.instrument.binder.logging.LogbackMetrics; SearchStrategy: all) did not find any beans (OnBeanCondition)

   ManagementContextAutoConfiguration.SameManagementContextConfiguration matched:
      - Management Port actual port type (SAME) matched required type (OnManagementPortCondition)

   McpServerAutoConfiguration matched:
      - @ConditionalOnClass found required classes 'io.modelcontextprotocol.spec.McpSchema', 'io.modelcontextprotocol.server.McpSyncServer' (OnClassCondition)
      - @ConditionalOnProperty (spring.ai.mcp.server.enabled=true) matched (OnPropertyCondition)

   McpServerAutoConfiguration#capabilitiesBuilder matched:
      - @ConditionalOnMissingBean (types: io.modelcontextprotocol.spec.McpSchema$ServerCapabilities$Builder; SearchStrategy: all) did not find any beans (OnBeanCondition)

   McpServerAutoConfiguration#mcpSyncServer matched:
      - @ConditionalOnProperty (spring.ai.mcp.server.type=SYNC) matched (OnPropertyCondition)

   McpServerAutoConfiguration#syncTools matched:
      - @ConditionalOnProperty (spring.ai.mcp.server.type=SYNC) matched (OnPropertyCondition)

   McpWebMvcServerAutoConfiguration matched:
      - @ConditionalOnClass found required class 'io.modelcontextprotocol.server.transport.WebMvcSseServerTransportProvider' (OnClassCondition)
      - AllNestedConditions 2 matched 0 did not; NestedCondition on McpServerStdioDisabledCondition.StdioDisabledCondition @ConditionalOnProperty (spring.ai.mcp.server.stdio=false) matched; NestedCondition on McpServerStdioDisabledCondition.McpServerEnabledCondition @ConditionalOnProperty (spring.ai.mcp.server.enabled=true) matched (McpServerStdioDisabledCondition)
      - @ConditionalOnMissingBean (types: io.modelcontextprotocol.spec.McpServerTransportProvider; SearchStrategy: all) did not find any beans (OnBeanCondition)

   McpWebMvcServerAutoConfiguration#webMvcSseServerTransportProvider matched:
      - @ConditionalOnMissingBean (types: io.modelcontextprotocol.server.transport.WebMvcSseServerTransportProvider; SearchStrategy: all) did not find any beans (OnBeanCondition)

   MetricsAutoConfiguration matched:
      - @ConditionalOnClass found required class 'io.micrometer.core.annotation.Timed' (OnClassCondition)

   MetricsAutoConfiguration#micrometerClock matched:
      - @ConditionalOnMissingBean (types: io.micrometer.core.instrument.Clock; SearchStrategy: all) did not find any beans (OnBeanCondition)

   MetricsEndpointAutoConfiguration matched:
      - @ConditionalOnClass found required class 'io.micrometer.core.annotation.Timed' (OnClassCondition)
      - @ConditionalOnAvailableEndpoint marked as exposed by a 'management.endpoints.web.exposure' property (OnAvailableEndpointCondition)

   MetricsEndpointAutoConfiguration#metricsEndpoint matched:
      - @ConditionalOnBean (types: io.micrometer.core.instrument.MeterRegistry; SearchStrategy: all) found bean 'prometheusMeterRegistry'; @ConditionalOnMissingBean (types: org.springframework.boot.actuate.metrics.MetricsEndpoint; SearchStrategy: all) did not find any beans (OnBeanCondition)

   MultipartAutoConfiguration matched:
      - @ConditionalOnClass found required classes 'jakarta.servlet.Servlet', 'org.springframework.web.multipart.support.StandardServletMultipartResolver', 'jakarta.servlet.MultipartConfigElement' (OnClassCondition)
      - found 'session' scope (OnWebApplicationCondition)
      - @ConditionalOnBooleanProperty (spring.servlet.multipart.enabled=true) matched (OnPropertyCondition)

   MultipartAutoConfiguration#multipartConfigElement matched:
      - @ConditionalOnMissingBean (types: jakarta.servlet.MultipartConfigElement; SearchStrategy: all) did not find any beans (OnBeanCondition)

   MultipartAutoConfiguration#multipartResolver matched:
      - @ConditionalOnMissingBean (types: org.springframework.web.multipart.MultipartResolver; SearchStrategy: all) did not find any beans (OnBeanCondition)

   NamedParameterJdbcTemplateConfiguration matched:
      - @ConditionalOnSingleCandidate (types: org.springframework.jdbc.core.JdbcTemplate; SearchStrategy: all) found a single bean 'jdbcTemplate'; @ConditionalOnMissingBean (types: org.springframework.jdbc.core.namedparam.NamedParameterJdbcOperations; SearchStrategy: all) did not find any beans (OnBeanCondition)

   NoOpCacheConfiguration matched:
      - Cache org.springframework.boot.autoconfigure.cache.NoOpCacheConfiguration automatic cache type (CacheCondition)

   ObservationAutoConfiguration matched:
      - @ConditionalOnClass found required class 'io.micrometer.observation.ObservationRegistry' (OnClassCondition)

   ObservationAutoConfiguration#observationRegistry matched:
      - @ConditionalOnMissingBean (types: io.micrometer.observation.ObservationRegistry; SearchStrategy: all) did not find any beans (OnBeanCondition)

   ObservationAutoConfiguration.MeterObservationHandlerConfiguration matched:
      - @ConditionalOnBean (types: io.micrometer.core.instrument.MeterRegistry; SearchStrategy: all) found bean 'prometheusMeterRegistry'; @ConditionalOnMissingBean (types: io.micrometer.core.instrument.observation.MeterObservationHandler; SearchStrategy: all) did not find any beans (OnBeanCondition)

   ObservationAutoConfiguration.MeterObservationHandlerConfiguration.OnlyMetricsMeterObservationHandlerConfiguration matched:
      - @ConditionalOnMissingBean (types: ?; SearchStrategy: all) did not find any beans (OnBeanCondition)

   ObservationAutoConfiguration.OnlyMetricsConfiguration matched:
      - @ConditionalOnClass found required class 'io.micrometer.core.instrument.MeterRegistry'; @ConditionalOnMissingClass did not find unwanted class 'io.micrometer.tracing.Tracer' (OnClassCondition)

   PersistenceExceptionTranslationAutoConfiguration matched:
      - @ConditionalOnClass found required class 'org.springframework.dao.annotation.PersistenceExceptionTranslationPostProcessor' (OnClassCondition)

   PersistenceExceptionTranslationAutoConfiguration#persistenceExceptionTranslationPostProcessor matched:
      - @ConditionalOnBooleanProperty (spring.dao.exceptiontranslation.enabled=true) matched (OnPropertyCondition)
      - @ConditionalOnMissingBean (types: org.springframework.dao.annotation.PersistenceExceptionTranslationPostProcessor; SearchStrategy: all) did not find any beans (OnBeanCondition)

   PrometheusMetricsExportAutoConfiguration matched:
      - @ConditionalOnClass found required class 'io.micrometer.prometheusmetrics.PrometheusMeterRegistry' (OnClassCondition)
      - @ConditionalOnEnabledMetricsExport management.prometheus.metrics.export.enabled is true (OnMetricsExportEnabledCondition)
      - @ConditionalOnBean (types: io.micrometer.core.instrument.Clock; SearchStrategy: all) found bean 'micrometerClock' (OnBeanCondition)

   PrometheusMetricsExportAutoConfiguration#prometheusConfig matched:
      - @ConditionalOnMissingBean (types: io.micrometer.prometheusmetrics.PrometheusConfig; SearchStrategy: all) did not find any beans (OnBeanCondition)

   PrometheusMetricsExportAutoConfiguration#prometheusMeterRegistry matched:
      - @ConditionalOnMissingBean (types: io.micrometer.prometheusmetrics.PrometheusMeterRegistry; SearchStrategy: all) did not find any beans (OnBeanCondition)

   PrometheusMetricsExportAutoConfiguration#prometheusRegistry matched:
      - @ConditionalOnMissingBean (types: io.prometheus.metrics.model.registry.PrometheusRegistry; SearchStrategy: all) did not find any beans (OnBeanCondition)

   PrometheusMetricsExportAutoConfiguration.PrometheusScrapeEndpointConfiguration matched:
      - @ConditionalOnAvailableEndpoint marked as exposed by a 'management.endpoints.web.exposure' property (OnAvailableEndpointCondition)

   PrometheusMetricsExportAutoConfiguration.PrometheusScrapeEndpointConfiguration#prometheusEndpoint matched:
      - @ConditionalOnMissingBean (types: org.springframework.boot.actuate.metrics.export.prometheus.PrometheusScrapeEndpoint; SearchStrategy: all) did not find any beans (OnBeanCondition)

   PropertyPlaceholderAutoConfiguration#propertySourcesPlaceholderConfigurer matched:
      - @ConditionalOnMissingBean (types: org.springframework.context.support.PropertySourcesPlaceholderConfigurer; SearchStrategy: current) did not find any beans (OnBeanCondition)

   ReactiveHealthEndpointConfiguration matched:
      - @ConditionalOnClass found required class 'reactor.core.publisher.Flux' (OnClassCondition)
      - @ConditionalOnBean (types: org.springframework.boot.actuate.health.HealthEndpoint; SearchStrategy: all) found bean 'healthEndpoint' (OnBeanCondition)

   ReactiveHealthEndpointConfiguration#reactiveHealthContributorRegistry matched:
      - @ConditionalOnMissingBean (types: org.springframework.boot.actuate.health.ReactiveHealthContributorRegistry; SearchStrategy: all) did not find any beans (OnBeanCondition)

   ReactorAutoConfiguration matched:
      - @ConditionalOnClass found required class 'reactor.core.publisher.Hooks' (OnClassCondition)

   RepositoryMetricsAutoConfiguration matched:
      - @ConditionalOnClass found required class 'org.springframework.data.repository.Repository' (OnClassCondition)
      - @ConditionalOnBean (types: io.micrometer.core.instrument.MeterRegistry; SearchStrategy: all) found bean 'prometheusMeterRegistry' (OnBeanCondition)

   RepositoryMetricsAutoConfiguration#metricsRepositoryMethodInvocationListener matched:
      - @ConditionalOnMissingBean (types: org.springframework.boot.actuate.metrics.data.MetricsRepositoryMethodInvocationListener; SearchStrategy: all) did not find any beans (OnBeanCondition)

   RepositoryMetricsAutoConfiguration#repositoryTagsProvider matched:
      - @ConditionalOnMissingBean (types: org.springframework.boot.actuate.metrics.data.RepositoryTagsProvider; SearchStrategy: all) did not find any beans (OnBeanCondition)

   RestClientAutoConfiguration matched:
      - @ConditionalOnClass found required class 'org.springframework.web.client.RestClient' (OnClassCondition)
      - AnyNestedCondition 1 matched 1 did not; NestedCondition on NotReactiveWebApplicationOrVirtualThreadsExecutorEnabledCondition.VirtualThreadsExecutorEnabled found non-matching nested conditions @ConditionalOnThreading did not find VIRTUAL; NestedCondition on NotReactiveWebApplicationOrVirtualThreadsExecutorEnabledCondition.NotReactiveWebApplication NoneNestedConditions 0 matched 1 did not; NestedCondition on NotReactiveWebApplicationCondition.ReactiveWebApplication did not find reactive web application classes (NotReactiveWebApplicationOrVirtualThreadsExecutorEnabledCondition)

   RestClientAutoConfiguration#httpMessageConvertersRestClientCustomizer matched:
      - @ConditionalOnMissingBean (types: org.springframework.boot.autoconfigure.web.client.HttpMessageConvertersRestClientCustomizer; SearchStrategy: all) did not find any beans (OnBeanCondition)

   RestClientAutoConfiguration#restClientBuilder matched:
      - @ConditionalOnMissingBean (types: org.springframework.web.client.RestClient$Builder; SearchStrategy: all) did not find any beans (OnBeanCondition)

   RestClientAutoConfiguration#restClientBuilderConfigurer matched:
      - @ConditionalOnMissingBean (types: org.springframework.boot.autoconfigure.web.client.RestClientBuilderConfigurer; SearchStrategy: all) did not find any beans (OnBeanCondition)

   RestClientAutoConfiguration#restClientSsl matched:
      - @ConditionalOnBean (types: org.springframework.boot.ssl.SslBundles; SearchStrategy: all) found bean 'sslBundleRegistry'; @ConditionalOnMissingBean (types: org.springframework.boot.autoconfigure.web.client.RestClientSsl; SearchStrategy: all) did not find any beans (OnBeanCondition)

   RestClientObservationConfiguration matched:
      - @ConditionalOnClass found required class 'org.springframework.web.client.RestClient' (OnClassCondition)
      - @ConditionalOnBean (types: org.springframework.web.client.RestClient$Builder; SearchStrategy: all) found bean 'restClientBuilder' (OnBeanCondition)

   RestTemplateAutoConfiguration matched:
      - @ConditionalOnClass found required class 'org.springframework.web.client.RestTemplate' (OnClassCondition)
      - NoneNestedConditions 0 matched 1 did not; NestedCondition on NotReactiveWebApplicationCondition.ReactiveWebApplication did not find reactive web application classes (NotReactiveWebApplicationCondition)

   RestTemplateAutoConfiguration#restTemplateBuilder matched:
      - @ConditionalOnMissingBean (types: org.springframework.boot.web.client.RestTemplateBuilder; SearchStrategy: all) did not find any beans (OnBeanCondition)

   RestTemplateObservationConfiguration matched:
      - @ConditionalOnClass found required class 'org.springframework.web.client.RestTemplate' (OnClassCondition)
      - @ConditionalOnBean (types: org.springframework.boot.web.client.RestTemplateBuilder; SearchStrategy: all) found bean 'restTemplateBuilder' (OnBeanCondition)

   ScheduledTasksObservabilityAutoConfiguration matched:
      - @ConditionalOnClass found required class 'org.springframework.scheduling.concurrent.ThreadPoolTaskScheduler' (OnClassCondition)
      - @ConditionalOnBean (types: io.micrometer.observation.ObservationRegistry; SearchStrategy: all) found bean 'observationRegistry' (OnBeanCondition)

   ServletEndpointManagementContextConfiguration matched:
      - found 'session' scope (OnWebApplicationCondition)

   ServletEndpointManagementContextConfiguration.WebMvcServletEndpointManagementContextConfiguration matched:
      - @ConditionalOnClass found required class 'org.springframework.web.servlet.DispatcherServlet' (OnClassCondition)

   ServletManagementContextAutoConfiguration matched:
      - @ConditionalOnClass found required class 'jakarta.servlet.Servlet' (OnClassCondition)
      - found 'session' scope (OnWebApplicationCondition)

   ServletWebServerFactoryAutoConfiguration matched:
      - @ConditionalOnClass found required class 'jakarta.servlet.ServletRequest' (OnClassCondition)
      - found 'session' scope (OnWebApplicationCondition)

   ServletWebServerFactoryAutoConfiguration#tomcatServletWebServerFactoryCustomizer matched:
      - @ConditionalOnClass found required class 'org.apache.catalina.startup.Tomcat' (OnClassCondition)

   ServletWebServerFactoryConfiguration.EmbeddedTomcat matched:
      - @ConditionalOnClass found required classes 'jakarta.servlet.Servlet', 'org.apache.catalina.startup.Tomcat', 'org.apache.coyote.UpgradeProtocol' (OnClassCondition)
      - @ConditionalOnMissingBean (types: org.springframework.boot.web.servlet.server.ServletWebServerFactory; SearchStrategy: current) did not find any beans (OnBeanCondition)

   SimpleCacheConfiguration matched:
      - Cache org.springframework.boot.autoconfigure.cache.SimpleCacheConfiguration automatic cache type (CacheCondition)

   SpringDataWebAutoConfiguration matched:
      - @ConditionalOnClass found required classes 'org.springframework.data.web.PageableHandlerMethodArgumentResolver', 'org.springframework.web.servlet.config.annotation.WebMvcConfigurer' (OnClassCondition)
      - found 'session' scope (OnWebApplicationCondition)
      - @ConditionalOnMissingBean (types: org.springframework.data.web.PageableHandlerMethodArgumentResolver; SearchStrategy: all) did not find any beans (OnBeanCondition)

   SpringDataWebAutoConfiguration#pageableCustomizer matched:
      - @ConditionalOnMissingBean (types: org.springframework.data.web.config.PageableHandlerMethodArgumentResolverCustomizer; SearchStrategy: all) did not find any beans (OnBeanCondition)

   SpringDataWebAutoConfiguration#sortCustomizer matched:
      - @ConditionalOnMissingBean (types: org.springframework.data.web.config.SortHandlerMethodArgumentResolverCustomizer; SearchStrategy: all) did not find any beans (OnBeanCondition)

   SpringDataWebAutoConfiguration#springDataWebSettings matched:
      - @ConditionalOnMissingBean (types: org.springframework.data.web.config.SpringDataWebSettings; SearchStrategy: all) did not find any beans (OnBeanCondition)

   SqlInitializationAutoConfiguration matched:
      - @ConditionalOnBooleanProperty (spring.sql.init.enabled=true) matched (OnPropertyCondition)
      - NoneNestedConditions 0 matched 1 did not; NestedCondition on SqlInitializationAutoConfiguration.SqlInitializationModeCondition.ModeIsNever @ConditionalOnProperty (spring.sql.init.mode=never) did not find property 'spring.sql.init.mode' (SqlInitializationAutoConfiguration.SqlInitializationModeCondition)

   SslAutoConfiguration#sslBundleRegistry matched:
      - @ConditionalOnMissingBean (types: org.springframework.boot.ssl.SslBundleRegistry,org.springframework.boot.ssl.SslBundles; SearchStrategy: all) did not find any beans (OnBeanCondition)

   SslHealthContributorAutoConfiguration matched:
      - @ConditionalOnEnabledHealthIndicator management.health.defaults.enabled is considered true (OnEnabledHealthIndicatorCondition)

   SslHealthContributorAutoConfiguration#sslHealthIndicator matched:
      - @ConditionalOnMissingBean (names: sslHealthIndicator; SearchStrategy: all) did not find any beans (OnBeanCondition)

   SslHealthContributorAutoConfiguration#sslInfo matched:
      - @ConditionalOnMissingBean (types: org.springframework.boot.info.SslInfo; SearchStrategy: all) did not find any beans (OnBeanCondition)

   SslObservabilityAutoConfiguration matched:
      - @ConditionalOnClass found required class 'io.micrometer.core.instrument.MeterRegistry' (OnClassCondition)
      - @ConditionalOnBean (types: io.micrometer.core.instrument.MeterRegistry,org.springframework.boot.ssl.SslBundles; SearchStrategy: all) found beans 'prometheusMeterRegistry', 'sslBundleRegistry' (OnBeanCondition)

   StartupTimeMetricsListenerAutoConfiguration matched:
      - @ConditionalOnClass found required class 'io.micrometer.core.instrument.MeterRegistry' (OnClassCondition)
      - @ConditionalOnBean (types: io.micrometer.core.instrument.MeterRegistry; SearchStrategy: all) found bean 'prometheusMeterRegistry' (OnBeanCondition)

   StartupTimeMetricsListenerAutoConfiguration#startupTimeMetrics matched:
      - @ConditionalOnMissingBean (types: org.springframework.boot.actuate.metrics.startup.StartupTimeMetricsListener; SearchStrategy: all) did not find any beans (OnBeanCondition)

   SystemMetricsAutoConfiguration matched:
      - @ConditionalOnClass found required class 'io.micrometer.core.instrument.MeterRegistry' (OnClassCondition)
      - @ConditionalOnBean (types: io.micrometer.core.instrument.MeterRegistry; SearchStrategy: all) found bean 'prometheusMeterRegistry' (OnBeanCondition)

   SystemMetricsAutoConfiguration#diskSpaceMetrics matched:
      - @ConditionalOnMissingBean (types: org.springframework.boot.actuate.metrics.system.DiskSpaceMetricsBinder; SearchStrategy: all) did not find any beans (OnBeanCondition)

   SystemMetricsAutoConfiguration#fileDescriptorMetrics matched:
      - @ConditionalOnMissingBean (types: io.micrometer.core.instrument.binder.system.FileDescriptorMetrics; SearchStrategy: all) did not find any beans (OnBeanCondition)

   SystemMetricsAutoConfiguration#processorMetrics matched:
      - @ConditionalOnMissingBean (types: io.micrometer.core.instrument.binder.system.ProcessorMetrics; SearchStrategy: all) did not find any beans (OnBeanCondition)

   SystemMetricsAutoConfiguration#uptimeMetrics matched:
      - @ConditionalOnMissingBean (types: io.micrometer.core.instrument.binder.system.UptimeMetrics; SearchStrategy: all) did not find any beans (OnBeanCondition)

   TaskExecutionAutoConfiguration matched:
      - @ConditionalOnClass found required class 'org.springframework.scheduling.concurrent.ThreadPoolTaskExecutor' (OnClassCondition)

   TaskExecutorConfigurations.AsyncConfigurerConfiguration matched:
      - @ConditionalOnMissingBean (types: org.springframework.scheduling.annotation.AsyncConfigurer; SearchStrategy: all) did not find any beans (OnBeanCondition)

   TaskExecutorConfigurations.AsyncConfigurerConfiguration#applicationTaskExecutorAsyncConfigurer matched:
      - @ConditionalOnMissingBean (types: org.springframework.scheduling.annotation.AsyncConfigurer; SearchStrategy: all) did not find any beans (OnBeanCondition)

   TaskExecutorConfigurations.SimpleAsyncTaskExecutorBuilderConfiguration#simpleAsyncTaskExecutorBuilder matched:
      - @ConditionalOnMissingBean (types: org.springframework.boot.task.SimpleAsyncTaskExecutorBuilder; SearchStrategy: all) did not find any beans (OnBeanCondition)
      - @ConditionalOnThreading found PLATFORM (OnThreadingCondition)

   TaskExecutorConfigurations.TaskExecutorConfiguration matched:
      - AnyNestedCondition 1 matched 1 did not; NestedCondition on TaskExecutorConfigurations.OnExecutorCondition.ModelCondition @ConditionalOnProperty (spring.task.execution.mode=force) did not find property 'spring.task.execution.mode'; NestedCondition on TaskExecutorConfigurations.OnExecutorCondition.ExecutorBeanCondition @ConditionalOnMissingBean (types: java.util.concurrent.Executor; SearchStrategy: all) did not find any beans (TaskExecutorConfigurations.OnExecutorCondition)

   TaskExecutorConfigurations.TaskExecutorConfiguration#applicationTaskExecutor matched:
      - @ConditionalOnThreading found PLATFORM (OnThreadingCondition)

   TaskExecutorConfigurations.ThreadPoolTaskExecutorBuilderConfiguration#threadPoolTaskExecutorBuilder matched:
      - @ConditionalOnMissingBean (types: org.springframework.boot.task.ThreadPoolTaskExecutorBuilder; SearchStrategy: all) did not find any beans (OnBeanCondition)

   TaskExecutorMetricsAutoConfiguration matched:
      - @ConditionalOnClass found required class 'io.micrometer.core.instrument.binder.jvm.ExecutorServiceMetrics' (OnClassCondition)
      - @ConditionalOnBean (types: java.util.concurrent.Executor,io.micrometer.core.instrument.MeterRegistry; SearchStrategy: all) found beans 'prometheusMeterRegistry', 'applicationTaskExecutor' (OnBeanCondition)

   TaskSchedulingAutoConfiguration matched:
      - @ConditionalOnClass found required class 'org.springframework.scheduling.concurrent.ThreadPoolTaskScheduler' (OnClassCondition)

   TaskSchedulingConfigurations.SimpleAsyncTaskSchedulerBuilderConfiguration#simpleAsyncTaskSchedulerBuilder matched:
      - @ConditionalOnMissingBean (types: org.springframework.boot.task.SimpleAsyncTaskSchedulerBuilder; SearchStrategy: all) did not find any beans (OnBeanCondition)
      - @ConditionalOnThreading found PLATFORM (OnThreadingCondition)

   TaskSchedulingConfigurations.ThreadPoolTaskSchedulerBuilderConfiguration#threadPoolTaskSchedulerBuilder matched:
      - @ConditionalOnMissingBean (types: org.springframework.boot.task.ThreadPoolTaskSchedulerBuilder; SearchStrategy: all) did not find any beans (OnBeanCondition)

   TomcatMetricsAutoConfiguration matched:
      - @ConditionalOnClass found required classes 'io.micrometer.core.instrument.binder.tomcat.TomcatMetrics', 'org.apache.catalina.Manager' (OnClassCondition)
      - @ConditionalOnWebApplication (required) found 'session' scope (OnWebApplicationCondition)

   TomcatMetricsAutoConfiguration#tomcatMetricsBinder matched:
      - @ConditionalOnBean (types: io.micrometer.core.instrument.MeterRegistry; SearchStrategy: all) found bean 'prometheusMeterRegistry'; @ConditionalOnMissingBean (types: io.micrometer.core.instrument.binder.tomcat.TomcatMetrics,org.springframework.boot.actuate.metrics.web.tomcat.TomcatMetricsBinder; SearchStrategy: all) did not find any beans (OnBeanCondition)

   TransactionAutoConfiguration matched:
      - @ConditionalOnClass found required class 'org.springframework.transaction.PlatformTransactionManager' (OnClassCondition)

   TransactionAutoConfiguration.EnableTransactionManagementConfiguration matched:
      - @ConditionalOnBean (types: org.springframework.transaction.TransactionManager; SearchStrategy: all) found bean 'transactionManager'; @ConditionalOnMissingBean (types: org.springframework.transaction.annotation.AbstractTransactionManagementConfiguration; SearchStrategy: all) did not find any beans (OnBeanCondition)

   TransactionAutoConfiguration.EnableTransactionManagementConfiguration.CglibAutoProxyConfiguration matched:
      - @ConditionalOnBooleanProperty (spring.aop.proxy-target-class=true) matched (OnPropertyCondition)

   TransactionAutoConfiguration.TransactionTemplateConfiguration matched:
      - @ConditionalOnSingleCandidate (types: org.springframework.transaction.PlatformTransactionManager; SearchStrategy: all) found a single bean 'transactionManager' (OnBeanCondition)

   TransactionAutoConfiguration.TransactionTemplateConfiguration#transactionTemplate matched:
      - @ConditionalOnMissingBean (types: org.springframework.transaction.support.TransactionOperations; SearchStrategy: all) did not find any beans (OnBeanCondition)

   TransactionManagerCustomizationAutoConfiguration matched:
      - @ConditionalOnClass found required class 'org.springframework.transaction.PlatformTransactionManager' (OnClassCondition)

   TransactionManagerCustomizationAutoConfiguration#platformTransactionManagerCustomizers matched:
      - @ConditionalOnMissingBean (types: org.springframework.boot.autoconfigure.transaction.TransactionManagerCustomizers; SearchStrategy: all) did not find any beans (OnBeanCondition)

   ValidationAutoConfiguration matched:
      - @ConditionalOnClass found required class 'jakarta.validation.executable.ExecutableValidator' (OnClassCondition)
      - @ConditionalOnResource found location classpath:META-INF/services/jakarta.validation.spi.ValidationProvider (OnResourceCondition)

   ValidationAutoConfiguration#defaultValidator matched:
      - @ConditionalOnMissingBean (types: jakarta.validation.Validator; SearchStrategy: all) did not find any beans (OnBeanCondition)

   ValidationAutoConfiguration#methodValidationPostProcessor matched:
      - @ConditionalOnMissingBean (types: org.springframework.validation.beanvalidation.MethodValidationPostProcessor; SearchStrategy: current) did not find any beans (OnBeanCondition)

   WebEndpointAutoConfiguration matched:
      - @ConditionalOnWebApplication (required) found 'session' scope (OnWebApplicationCondition)

   WebEndpointAutoConfiguration#controllerEndpointDiscoverer matched:
      - @ConditionalOnMissingBean (types: org.springframework.boot.actuate.endpoint.web.annotation.ControllerEndpointsSupplier; SearchStrategy: all) did not find any beans (OnBeanCondition)

   WebEndpointAutoConfiguration#endpointMediaTypes matched:
      - @ConditionalOnMissingBean (types: org.springframework.boot.actuate.endpoint.web.EndpointMediaTypes; SearchStrategy: all) did not find any beans (OnBeanCondition)

   WebEndpointAutoConfiguration#pathMappedEndpoints matched:
      - @ConditionalOnMissingBean (types: org.springframework.boot.actuate.endpoint.web.PathMappedEndpoints; SearchStrategy: all) did not find any beans (OnBeanCondition)

   WebEndpointAutoConfiguration#webEndpointDiscoverer matched:
      - @ConditionalOnMissingBean (types: org.springframework.boot.actuate.endpoint.web.WebEndpointsSupplier; SearchStrategy: all) did not find any beans (OnBeanCondition)

   WebEndpointAutoConfiguration.WebEndpointServletConfiguration matched:
      - found 'session' scope (OnWebApplicationCondition)

   WebEndpointAutoConfiguration.WebEndpointServletConfiguration#servletEndpointDiscoverer matched:
      - @ConditionalOnMissingBean (types: org.springframework.boot.actuate.endpoint.web.annotation.ServletEndpointsSupplier; SearchStrategy: all) did not find any beans (OnBeanCondition)

   WebMvcAutoConfiguration matched:
      - @ConditionalOnClass found required classes 'jakarta.servlet.Servlet', 'org.springframework.web.servlet.DispatcherServlet', 'org.springframework.web.servlet.config.annotation.WebMvcConfigurer' (OnClassCondition)
      - found 'session' scope (OnWebApplicationCondition)
      - @ConditionalOnMissingBean (types: org.springframework.web.servlet.config.annotation.WebMvcConfigurationSupport; SearchStrategy: all) did not find any beans (OnBeanCondition)

   WebMvcAutoConfiguration#formContentFilter matched:
      - @ConditionalOnBooleanProperty (spring.mvc.formcontent.filter.enabled=true) matched (OnPropertyCondition)
      - @ConditionalOnMissingBean (types: org.springframework.web.filter.FormContentFilter; SearchStrategy: all) did not find any beans (OnBeanCondition)

   WebMvcAutoConfiguration.EnableWebMvcConfiguration#flashMapManager matched:
      - @ConditionalOnMissingBean (names: flashMapManager; SearchStrategy: all) did not find any beans (OnBeanCondition)

   WebMvcAutoConfiguration.EnableWebMvcConfiguration#localeResolver matched:
      - @ConditionalOnMissingBean (names: localeResolver; SearchStrategy: all) did not find any beans (OnBeanCondition)

   WebMvcAutoConfiguration.EnableWebMvcConfiguration#themeResolver matched:
      - @ConditionalOnMissingBean (names: themeResolver; SearchStrategy: all) did not find any beans (OnBeanCondition)

   WebMvcAutoConfiguration.EnableWebMvcConfiguration#viewNameTranslator matched:
      - @ConditionalOnMissingBean (names: viewNameTranslator; SearchStrategy: all) did not find any beans (OnBeanCondition)

   WebMvcAutoConfiguration.WebMvcAutoConfigurationAdapter#defaultViewResolver matched:
      - @ConditionalOnMissingBean (types: org.springframework.web.servlet.view.InternalResourceViewResolver; SearchStrategy: all) did not find any beans (OnBeanCondition)

   WebMvcAutoConfiguration.WebMvcAutoConfigurationAdapter#requestContextFilter matched:
      - @ConditionalOnMissingBean (types: org.springframework.web.context.request.RequestContextListener,org.springframework.web.filter.RequestContextFilter; SearchStrategy: all) did not find any beans (OnBeanCondition)

   WebMvcAutoConfiguration.WebMvcAutoConfigurationAdapter#viewResolver matched:
      - @ConditionalOnBean (types: org.springframework.web.servlet.ViewResolver; SearchStrategy: all) found beans 'defaultViewResolver', 'beanNameViewResolver', 'mvcViewResolver'; @ConditionalOnMissingBean (names: viewResolver types: org.springframework.web.servlet.view.ContentNegotiatingViewResolver; SearchStrategy: all) did not find any beans (OnBeanCondition)

   WebMvcEndpointManagementContextConfiguration matched:
      - @ConditionalOnClass found required class 'org.springframework.web.servlet.DispatcherServlet' (OnClassCondition)
      - found 'session' scope (OnWebApplicationCondition)
      - @ConditionalOnBean (types: org.springframework.web.servlet.DispatcherServlet,org.springframework.boot.actuate.endpoint.web.WebEndpointsSupplier; SearchStrategy: all) found beans 'webEndpointDiscoverer', 'dispatcherServlet' (OnBeanCondition)

   WebMvcEndpointManagementContextConfiguration#controllerEndpointHandlerMapping matched:
      - @ConditionalOnMissingBean (types: org.springframework.boot.actuate.endpoint.web.servlet.ControllerEndpointHandlerMapping; SearchStrategy: all) did not find any beans (OnBeanCondition)

   WebMvcEndpointManagementContextConfiguration#endpointObjectMapperWebMvcConfigurer matched:
      - @ConditionalOnBean (types: org.springframework.boot.actuate.endpoint.jackson.EndpointObjectMapper; SearchStrategy: all) found bean 'endpointObjectMapper' (OnBeanCondition)

   WebMvcEndpointManagementContextConfiguration#webEndpointServletHandlerMapping matched:
      - @ConditionalOnMissingBean (types: org.springframework.boot.actuate.endpoint.web.servlet.WebMvcEndpointHandlerMapping; SearchStrategy: all) did not find any beans (OnBeanCondition)

   WebMvcObservationAutoConfiguration matched:
      - @ConditionalOnClass found required classes 'org.springframework.web.servlet.DispatcherServlet', 'io.micrometer.observation.Observation' (OnClassCondition)
      - found 'session' scope (OnWebApplicationCondition)
      - @ConditionalOnBean (types: io.micrometer.observation.ObservationRegistry; SearchStrategy: all) found bean 'observationRegistry' (OnBeanCondition)

   WebMvcObservationAutoConfiguration#webMvcObservationFilter matched:
      - @ConditionalOnMissingBean (types: org.springframework.web.filter.ServerHttpObservationFilter; SearchStrategy: all) did not find any beans (OnBeanCondition)

   WebMvcObservationAutoConfiguration.MeterFilterConfiguration matched:
      - @ConditionalOnClass found required class 'io.micrometer.core.instrument.MeterRegistry' (OnClassCondition)
      - @ConditionalOnBean (types: io.micrometer.core.instrument.MeterRegistry; SearchStrategy: all) found bean 'prometheusMeterRegistry' (OnBeanCondition)

   WebSocketServletAutoConfiguration matched:
      - @ConditionalOnClass found required classes 'jakarta.servlet.Servlet', 'jakarta.websocket.server.ServerContainer' (OnClassCondition)
      - found 'session' scope (OnWebApplicationCondition)

   WebSocketServletAutoConfiguration.TomcatWebSocketConfiguration matched:
      - @ConditionalOnClass found required classes 'org.apache.catalina.startup.Tomcat', 'org.apache.tomcat.websocket.server.WsSci' (OnClassCondition)

   WebSocketServletAutoConfiguration.TomcatWebSocketConfiguration#websocketServletWebServerCustomizer matched:
      - @ConditionalOnMissingBean (names: websocketServletWebServerCustomizer; SearchStrategy: all) did not find any beans (OnBeanCondition)


Negative matches:
-----------------

   ActiveMQAutoConfiguration:
      Did not match:
         - @ConditionalOnMissingBean (types: jakarta.jms.ConnectionFactory; SearchStrategy: all) found beans of type 'jakarta.jms.ConnectionFactory' amazonMQConnectionFactory (OnBeanCondition)
      Matched:
         - @ConditionalOnClass found required classes 'jakarta.jms.ConnectionFactory', 'org.apache.activemq.ActiveMQConnectionFactory' (OnClassCondition)

   ActiveMQConnectionFactoryConfiguration.PooledConnectionFactoryConfiguration:
      Did not match:
         - @ConditionalOnClass did not find required classes 'org.messaginghub.pooled.jms.JmsPoolConnectionFactory', 'org.apache.commons.pool2.PooledObject' (OnClassCondition)

   AopAutoConfiguration.AspectJAutoProxyingConfiguration.JdkDynamicAutoProxyConfiguration:
      Did not match:
         - @ConditionalOnBooleanProperty (spring.aop.proxy-target-class=false) did not find property 'spring.aop.proxy-target-class' (OnPropertyCondition)

   AopAutoConfiguration.ClassProxyingConfiguration:
      Did not match:
         - @ConditionalOnMissingClass found unwanted class 'org.aspectj.weaver.Advice' (OnClassCondition)

   AppOpticsMetricsExportAutoConfiguration:
      Did not match:
         - @ConditionalOnClass did not find required class 'io.micrometer.appoptics.AppOpticsMeterRegistry' (OnClassCondition)

   ArtemisAutoConfiguration:
      Did not match:
         - @ConditionalOnClass did not find required class 'org.apache.activemq.artemis.jms.client.ActiveMQConnectionFactory' (OnClassCondition)

   AtlasMetricsExportAutoConfiguration:
      Did not match:
         - @ConditionalOnClass did not find required class 'io.micrometer.atlas.AtlasMeterRegistry' (OnClassCondition)

   AuditAutoConfiguration:
      Did not match:
         - @ConditionalOnBean (types: org.springframework.boot.actuate.audit.AuditEventRepository; SearchStrategy: all) did not find any beans of type org.springframework.boot.actuate.audit.AuditEventRepository (OnBeanCondition)
      Matched:
         - @ConditionalOnBooleanProperty (management.auditevents.enabled=true) matched (OnPropertyCondition)

   AuditEventsEndpointAutoConfiguration:
      Did not match:
         - @ConditionalOnAvailableEndpoint not exposed (OnAvailableEndpointCondition)

   AvailabilityHealthContributorAutoConfiguration#livenessStateHealthIndicator:
      Did not match:
         - @ConditionalOnBooleanProperty (management.health.livenessstate.enabled=true) did not find property 'management.health.livenessstate.enabled' (OnPropertyCondition)

   AvailabilityHealthContributorAutoConfiguration#readinessStateHealthIndicator:
      Did not match:
         - @ConditionalOnBooleanProperty (management.health.readinessstate.enabled=true) did not find property 'management.health.readinessstate.enabled' (OnPropertyCondition)

   AvailabilityProbesAutoConfiguration:
      Did not match:
         - Probes availability not running on a supported cloud platform (AvailabilityProbesAutoConfiguration.ProbesCondition)

   BatchAutoConfiguration:
      Did not match:
         - @ConditionalOnClass did not find required class 'org.springframework.batch.core.launch.JobLauncher' (OnClassCondition)

   BatchObservationAutoConfiguration:
      Did not match:
         - @ConditionalOnClass did not find required class 'org.springframework.batch.core.configuration.annotation.BatchObservabilityBeanPostProcessor' (OnClassCondition)

   BeansEndpointAutoConfiguration:
      Did not match:
         - @ConditionalOnAvailableEndpoint not exposed (OnAvailableEndpointCondition)

   BraveAutoConfiguration:
      Did not match:
         - @ConditionalOnClass did not find required class 'brave.Tracer' (OnClassCondition)

   Cache2kCacheConfiguration:
      Did not match:
         - @ConditionalOnClass did not find required class 'org.cache2k.Cache2kBuilder' (OnClassCondition)

   CacheAutoConfiguration:
      Did not match:
         - @ConditionalOnBean (types: org.springframework.cache.interceptor.CacheAspectSupport; SearchStrategy: all) did not find any beans of type org.springframework.cache.interceptor.CacheAspectSupport (OnBeanCondition)
      Matched:
         - @ConditionalOnClass found required class 'org.springframework.cache.CacheManager' (OnClassCondition)

   CacheAutoConfiguration.CacheManagerEntityManagerFactoryDependsOnPostProcessor:
      Did not match:
         - Ancestor org.springframework.boot.autoconfigure.cache.CacheAutoConfiguration did not match (ConditionEvaluationReport.AncestorsMatchedCondition)
      Matched:
         - @ConditionalOnClass found required class 'org.springframework.orm.jpa.LocalContainerEntityManagerFactoryBean' (OnClassCondition)

   CacheMeterBinderProvidersConfiguration.Cache2kCacheMeterBinderProviderConfiguration:
      Did not match:
         - @ConditionalOnClass did not find required classes 'org.cache2k.Cache2kBuilder', 'org.cache2k.extra.spring.SpringCache2kCache', 'org.cache2k.extra.micrometer.Cache2kCacheMetrics' (OnClassCondition)

   CacheMeterBinderProvidersConfiguration.CaffeineCacheMeterBinderProviderConfiguration:
      Did not match:
         - @ConditionalOnClass did not find required classes 'org.springframework.cache.caffeine.CaffeineCache', 'com.github.benmanes.caffeine.cache.Cache' (OnClassCondition)

   CacheMeterBinderProvidersConfiguration.HazelcastCacheMeterBinderProviderConfiguration:
      Did not match:
         - @ConditionalOnClass did not find required classes 'com.hazelcast.spring.cache.HazelcastCache', 'com.hazelcast.core.Hazelcast' (OnClassCondition)

   CacheMeterBinderProvidersConfiguration.JCacheCacheMeterBinderProviderConfiguration:
      Did not match:
         - @ConditionalOnClass did not find required classes 'org.springframework.cache.jcache.JCacheCache', 'javax.cache.CacheManager' (OnClassCondition)

   CacheMeterBinderProvidersConfiguration.RedisCacheMeterBinderProviderConfiguration:
      Did not match:
         - @ConditionalOnClass did not find required class 'org.springframework.data.redis.cache.RedisCache' (OnClassCondition)

   CacheMetricsAutoConfiguration:
      Did not match:
         - @ConditionalOnBean (types: org.springframework.cache.CacheManager; SearchStrategy: all) did not find any beans of type org.springframework.cache.CacheManager (OnBeanCondition)

   CachesEndpointAutoConfiguration:
      Did not match:
         - @ConditionalOnAvailableEndpoint not exposed (OnAvailableEndpointCondition)
      Matched:
         - @ConditionalOnClass found required class 'org.springframework.cache.CacheManager' (OnClassCondition)

   CaffeineCacheConfiguration:
      Did not match:
         - @ConditionalOnClass did not find required class 'com.github.benmanes.caffeine.cache.Caffeine' (OnClassCondition)

   CassandraAutoConfiguration:
      Did not match:
         - @ConditionalOnClass did not find required class 'com.datastax.oss.driver.api.core.CqlSession' (OnClassCondition)

   CassandraDataAutoConfiguration:
      Did not match:
         - @ConditionalOnClass did not find required class 'com.datastax.oss.driver.api.core.CqlSession' (OnClassCondition)

   CassandraHealthContributorAutoConfiguration:
      Did not match:
         - @ConditionalOnClass did not find required class 'com.datastax.oss.driver.api.core.CqlSession' (OnClassCondition)

   CassandraReactiveDataAutoConfiguration:
      Did not match:
         - @ConditionalOnClass did not find required class 'com.datastax.oss.driver.api.core.CqlSession' (OnClassCondition)

   CassandraReactiveHealthContributorAutoConfiguration:
      Did not match:
         - @ConditionalOnClass did not find required class 'com.datastax.oss.driver.api.core.CqlSession' (OnClassCondition)

   CassandraReactiveRepositoriesAutoConfiguration:
      Did not match:
         - @ConditionalOnClass did not find required class 'org.springframework.data.cassandra.ReactiveSession' (OnClassCondition)

   CassandraRepositoriesAutoConfiguration:
      Did not match:
         - @ConditionalOnClass did not find required class 'com.datastax.oss.driver.api.core.CqlSession' (OnClassCondition)

   org.springframework.boot.autoconfigure.web.reactive.function.client.ClientHttpConnectorAutoConfiguration:
      Did not match:
         - @ConditionalOnClass did not find required class 'org.springframework.web.reactive.function.client.WebClient' (OnClassCondition)

   ClientHttpConnectorAutoConfiguration.ReactorNetty:
      Did not match:
         - @ConditionalOnClass did not find required class 'reactor.netty.http.client.HttpClient' (OnClassCondition)

   CloudFoundryActuatorAutoConfiguration:
      Did not match:
         - @ConditionalOnCloudPlatform did not find CLOUD_FOUNDRY (OnCloudPlatformCondition)
      Matched:
         - @ConditionalOnClass found required class 'org.springframework.web.servlet.DispatcherServlet' (OnClassCondition)
         - found 'session' scope (OnWebApplicationCondition)
         - @ConditionalOnBooleanProperty (management.cloudfoundry.enabled=true) matched (OnPropertyCondition)

   CodecsAutoConfiguration:
      Did not match:
         - @ConditionalOnClass did not find required class 'org.springframework.web.reactive.function.client.WebClient' (OnClassCondition)

   CompositeMeterRegistryConfiguration:
      Did not match:
         - NoneNestedConditions 1 matched 1 did not; NestedCondition on CompositeMeterRegistryConfiguration.MultipleNonPrimaryMeterRegistriesCondition.SingleInjectableMeterRegistry @ConditionalOnSingleCandidate (types: io.micrometer.core.instrument.MeterRegistry; SearchStrategy: all) found a single bean 'prometheusMeterRegistry'; NestedCondition on CompositeMeterRegistryConfiguration.MultipleNonPrimaryMeterRegistriesCondition.NoMeterRegistryCondition @ConditionalOnMissingBean (types: io.micrometer.core.instrument.MeterRegistry; SearchStrategy: all) found beans of type 'io.micrometer.core.instrument.MeterRegistry' prometheusMeterRegistry (CompositeMeterRegistryConfiguration.MultipleNonPrimaryMeterRegistriesCondition)

   ConditionsReportEndpointAutoConfiguration:
      Did not match:
         - @ConditionalOnAvailableEndpoint not exposed (OnAvailableEndpointCondition)

   ConfigurationPropertiesReportEndpointAutoConfiguration:
      Did not match:
         - @ConditionalOnAvailableEndpoint not exposed (OnAvailableEndpointCondition)

   ConnectionFactoryHealthContributorAutoConfiguration:
      Did not match:
         - @ConditionalOnClass did not find required class 'io.r2dbc.spi.ConnectionFactory' (OnClassCondition)

   ConnectionPoolMetricsAutoConfiguration:
      Did not match:
         - @ConditionalOnClass did not find required class 'io.r2dbc.pool.ConnectionPool' (OnClassCondition)

   CouchbaseAutoConfiguration:
      Did not match:
         - @ConditionalOnClass did not find required class 'com.couchbase.client.java.Cluster' (OnClassCondition)

   CouchbaseCacheConfiguration:
      Did not match:
         - @ConditionalOnClass did not find required class 'com.couchbase.client.java.Cluster' (OnClassCondition)

   CouchbaseDataAutoConfiguration:
      Did not match:
         - @ConditionalOnClass did not find required class 'com.couchbase.client.java.Bucket' (OnClassCondition)

   CouchbaseHealthContributorAutoConfiguration:
      Did not match:
         - @ConditionalOnClass did not find required class 'com.couchbase.client.java.Cluster' (OnClassCondition)

   CouchbaseReactiveDataAutoConfiguration:
      Did not match:
         - @ConditionalOnClass did not find required class 'com.couchbase.client.java.Cluster' (OnClassCondition)

   CouchbaseReactiveHealthContributorAutoConfiguration:
      Did not match:
         - @ConditionalOnClass did not find required class 'com.couchbase.client.java.Cluster' (OnClassCondition)

   CouchbaseReactiveRepositoriesAutoConfiguration:
      Did not match:
         - @ConditionalOnClass did not find required class 'com.couchbase.client.java.Cluster' (OnClassCondition)

   CouchbaseRepositoriesAutoConfiguration:
      Did not match:
         - @ConditionalOnClass did not find required class 'com.couchbase.client.java.Bucket' (OnClassCondition)

   DataSourceAutoConfiguration.EmbeddedDatabaseConfiguration:
      Did not match:
         - EmbeddedDataSource spring.datasource.url is set (DataSourceAutoConfiguration.EmbeddedDatabaseCondition)

   DataSourceCheckpointRestoreConfiguration:
      Did not match:
         - @ConditionalOnClass did not find required class 'org.crac.Resource' (OnClassCondition)

   DataSourceConfiguration.Dbcp2:
      Did not match:
         - @ConditionalOnClass did not find required class 'org.apache.commons.dbcp2.BasicDataSource' (OnClassCondition)

   DataSourceConfiguration.Generic:
      Did not match:
         - @ConditionalOnProperty (spring.datasource.type) did not find property 'spring.datasource.type' (OnPropertyCondition)

   DataSourceConfiguration.OracleUcp:
      Did not match:
         - @ConditionalOnClass did not find required classes 'oracle.ucp.jdbc.PoolDataSourceImpl', 'oracle.jdbc.OracleConnection' (OnClassCondition)

   DataSourceConfiguration.Tomcat:
      Did not match:
         - @ConditionalOnClass did not find required class 'org.apache.tomcat.jdbc.pool.DataSource' (OnClassCondition)

   DataSourceJmxConfiguration:
      Did not match:
         - @ConditionalOnBooleanProperty (spring.jmx.enabled=true) did not find property 'spring.jmx.enabled' (OnPropertyCondition)

   DataSourcePoolMetadataProvidersConfiguration.CommonsDbcp2PoolDataSourceMetadataProviderConfiguration:
      Did not match:
         - @ConditionalOnClass did not find required class 'org.apache.commons.dbcp2.BasicDataSource' (OnClassCondition)

   DataSourcePoolMetadataProvidersConfiguration.OracleUcpPoolDataSourceMetadataProviderConfiguration:
      Did not match:
         - @ConditionalOnClass did not find required classes 'oracle.ucp.jdbc.PoolDataSource', 'oracle.jdbc.OracleConnection' (OnClassCondition)

   DataSourcePoolMetadataProvidersConfiguration.TomcatDataSourcePoolMetadataProviderConfiguration:
      Did not match:
         - @ConditionalOnClass did not find required class 'org.apache.tomcat.jdbc.pool.DataSource' (OnClassCondition)

   DataSourceTransactionManagerAutoConfiguration.JdbcTransactionManagerConfiguration#transactionManager:
      Did not match:
         - @ConditionalOnMissingBean (types: org.springframework.transaction.TransactionManager; SearchStrategy: all) found beans of type 'org.springframework.transaction.TransactionManager' transactionManager (OnBeanCondition)

   DatadogMetricsExportAutoConfiguration:
      Did not match:
         - @ConditionalOnClass did not find required class 'io.micrometer.datadog.DatadogMeterRegistry' (OnClassCondition)

   DispatcherServletAutoConfiguration.DispatcherServletConfiguration#multipartResolver:
      Did not match:
         - @ConditionalOnBean (types: org.springframework.web.multipart.MultipartResolver; SearchStrategy: all) did not find any beans of type org.springframework.web.multipart.MultipartResolver (OnBeanCondition)

   DynatraceMetricsExportAutoConfiguration:
      Did not match:
         - @ConditionalOnClass did not find required class 'io.micrometer.dynatrace.DynatraceMeterRegistry' (OnClassCondition)

   ElasticMetricsExportAutoConfiguration:
      Did not match:
         - @ConditionalOnClass did not find required class 'io.micrometer.elastic.ElasticMeterRegistry' (OnClassCondition)

   ElasticsearchClientAutoConfiguration:
      Did not match:
         - @ConditionalOnClass did not find required class 'co.elastic.clients.elasticsearch.ElasticsearchClient' (OnClassCondition)

   ElasticsearchDataAutoConfiguration:
      Did not match:
         - @ConditionalOnClass did not find required class 'org.springframework.data.elasticsearch.client.elc.ElasticsearchTemplate' (OnClassCondition)

   ElasticsearchReactiveHealthContributorAutoConfiguration:
      Did not match:
         - @ConditionalOnClass did not find required class 'org.springframework.data.elasticsearch.client.elc.ReactiveElasticsearchClient' (OnClassCondition)

   ElasticsearchRepositoriesAutoConfiguration:
      Did not match:
         - @ConditionalOnClass did not find required class 'org.springframework.data.elasticsearch.repository.ElasticsearchRepository' (OnClassCondition)

   ElasticsearchRestClientAutoConfiguration:
      Did not match:
         - @ConditionalOnClass did not find required class 'org.elasticsearch.client.RestClientBuilder' (OnClassCondition)

   ElasticsearchRestHealthContributorAutoConfiguration:
      Did not match:
         - @ConditionalOnClass did not find required class 'org.elasticsearch.client.RestClient' (OnClassCondition)

   EmbeddedLdapAutoConfiguration:
      Did not match:
         - @ConditionalOnClass did not find required class 'com.unboundid.ldap.listener.InMemoryDirectoryServer' (OnClassCondition)

   EmbeddedWebServerFactoryCustomizerAutoConfiguration.JettyWebServerFactoryCustomizerConfiguration:
      Did not match:
         - @ConditionalOnClass did not find required classes 'org.eclipse.jetty.server.Server', 'org.eclipse.jetty.util.Loader', 'org.eclipse.jetty.ee10.webapp.WebAppContext' (OnClassCondition)

   EmbeddedWebServerFactoryCustomizerAutoConfiguration.NettyWebServerFactoryCustomizerConfiguration:
      Did not match:
         - @ConditionalOnClass did not find required class 'reactor.netty.http.server.HttpServer' (OnClassCondition)

   EmbeddedWebServerFactoryCustomizerAutoConfiguration.TomcatWebServerFactoryCustomizerConfiguration#tomcatVirtualThreadsProtocolHandlerCustomizer:
      Did not match:
         - @ConditionalOnThreading did not find VIRTUAL (OnThreadingCondition)

   EmbeddedWebServerFactoryCustomizerAutoConfiguration.UndertowWebServerFactoryCustomizerConfiguration:
      Did not match:
         - @ConditionalOnClass did not find required classes 'io.undertow.Undertow', 'org.xnio.SslClientAuthMode' (OnClassCondition)

   EnvironmentEndpointAutoConfiguration:
      Did not match:
         - @ConditionalOnAvailableEndpoint not exposed (OnAvailableEndpointCondition)

   ErrorWebFluxAutoConfiguration:
      Did not match:
         - @ConditionalOnClass did not find required class 'org.springframework.web.reactive.config.WebFluxConfigurer' (OnClassCondition)

   FlywayAutoConfiguration:
      Did not match:
         - @ConditionalOnClass did not find required class 'org.flywaydb.core.Flyway' (OnClassCondition)

   FlywayEndpointAutoConfiguration:
      Did not match:
         - @ConditionalOnClass did not find required class 'org.flywaydb.core.Flyway' (OnClassCondition)

   FreeMarkerAutoConfiguration:
      Did not match:
         - @ConditionalOnClass did not find required class 'freemarker.template.Configuration' (OnClassCondition)

   GangliaMetricsExportAutoConfiguration:
      Did not match:
         - @ConditionalOnClass did not find required class 'io.micrometer.ganglia.GangliaMeterRegistry' (OnClassCondition)

   GraphQlAutoConfiguration:
      Did not match:
         - @ConditionalOnClass did not find required class 'graphql.GraphQL' (OnClassCondition)

   GraphQlObservationAutoConfiguration:
      Did not match:
         - @ConditionalOnClass did not find required class 'graphql.GraphQL' (OnClassCondition)

   GraphQlQueryByExampleAutoConfiguration:
      Did not match:
         - @ConditionalOnClass did not find required class 'graphql.GraphQL' (OnClassCondition)

   GraphQlQuerydslAutoConfiguration:
      Did not match:
         - @ConditionalOnClass did not find required class 'com.querydsl.core.Query' (OnClassCondition)

   GraphQlRSocketAutoConfiguration:
      Did not match:
         - @ConditionalOnClass did not find required class 'graphql.GraphQL' (OnClassCondition)

   GraphQlReactiveQueryByExampleAutoConfiguration:
      Did not match:
         - @ConditionalOnClass did not find required class 'graphql.GraphQL' (OnClassCondition)

   GraphQlReactiveQuerydslAutoConfiguration:
      Did not match:
         - @ConditionalOnClass did not find required class 'com.querydsl.core.Query' (OnClassCondition)

   GraphQlWebFluxAutoConfiguration:
      Did not match:
         - @ConditionalOnClass did not find required class 'graphql.GraphQL' (OnClassCondition)

   GraphQlWebFluxSecurityAutoConfiguration:
      Did not match:
         - @ConditionalOnClass did not find required class 'graphql.GraphQL' (OnClassCondition)

   GraphQlWebMvcAutoConfiguration:
      Did not match:
         - @ConditionalOnClass did not find required class 'graphql.GraphQL' (OnClassCondition)

   GraphQlWebMvcSecurityAutoConfiguration:
      Did not match:
         - @ConditionalOnClass did not find required class 'graphql.GraphQL' (OnClassCondition)

   GraphiteMetricsExportAutoConfiguration:
      Did not match:
         - @ConditionalOnClass did not find required class 'io.micrometer.graphite.GraphiteMeterRegistry' (OnClassCondition)

   GroovyTemplateAutoConfiguration:
      Did not match:
         - @ConditionalOnClass did not find required class 'groovy.text.markup.MarkupTemplateEngine' (OnClassCondition)

   GsonAutoConfiguration:
      Did not match:
         - @ConditionalOnClass did not find required class 'com.google.gson.Gson' (OnClassCondition)

   GsonHttpMessageConvertersConfiguration:
      Did not match:
         - @ConditionalOnClass did not find required class 'com.google.gson.Gson' (OnClassCondition)

   H2ConsoleAutoConfiguration:
      Did not match:
         - @ConditionalOnClass did not find required class 'org.h2.server.web.JakartaWebServlet' (OnClassCondition)

   HazelcastAutoConfiguration:
      Did not match:
         - @ConditionalOnClass did not find required class 'com.hazelcast.core.HazelcastInstance' (OnClassCondition)

   HazelcastCacheConfiguration:
      Did not match:
         - @ConditionalOnClass did not find required class 'com.hazelcast.core.HazelcastInstance' (OnClassCondition)

   HazelcastHealthContributorAutoConfiguration:
      Did not match:
         - @ConditionalOnClass did not find required class 'com.hazelcast.core.HazelcastInstance' (OnClassCondition)

   HazelcastJpaDependencyAutoConfiguration:
      Did not match:
         - @ConditionalOnClass did not find required class 'com.hazelcast.core.HazelcastInstance' (OnClassCondition)

   HealthEndpointReactiveWebExtensionConfiguration:
      Did not match:
         - did not find reactive web application classes (OnWebApplicationCondition)

   HealthEndpointWebExtensionConfiguration.JerseyAdditionalHealthEndpointPathsConfiguration:
      Did not match:
         - @ConditionalOnClass did not find required class 'org.glassfish.jersey.server.ResourceConfig' (OnClassCondition)

   HeapDumpWebEndpointAutoConfiguration:
      Did not match:
         - @ConditionalOnAvailableEndpoint the configured access for endpoint 'heapdump' is NONE (OnAvailableEndpointCondition)

   HibernateMetricsAutoConfiguration:
      Did not match:
         - @ConditionalOnClass did not find required class 'org.hibernate.stat.HibernateMetrics' (OnClassCondition)

   HttpExchangesAutoConfiguration:
      Did not match:
         - @ConditionalOnBean (types: org.springframework.boot.actuate.web.exchanges.HttpExchangeRepository; SearchStrategy: all) did not find any beans of type org.springframework.boot.actuate.web.exchanges.HttpExchangeRepository (OnBeanCondition)
      Matched:
         - @ConditionalOnWebApplication (required) found 'session' scope (OnWebApplicationCondition)
         - @ConditionalOnBooleanProperty (management.httpexchanges.recording.enabled=true) matched (OnPropertyCondition)

   HttpExchangesAutoConfiguration.ReactiveHttpExchangesConfiguration:
      Did not match:
         - did not find reactive web application classes (OnWebApplicationCondition)
         - Ancestor org.springframework.boot.actuate.autoconfigure.web.exchanges.HttpExchangesAutoConfiguration did not match (ConditionEvaluationReport.AncestorsMatchedCondition)

   HttpExchangesAutoConfiguration.ServletHttpExchangesConfiguration:
      Did not match:
         - Ancestor org.springframework.boot.actuate.autoconfigure.web.exchanges.HttpExchangesAutoConfiguration did not match (ConditionEvaluationReport.AncestorsMatchedCondition)
      Matched:
         - found 'session' scope (OnWebApplicationCondition)

   HttpExchangesEndpointAutoConfiguration:
      Did not match:
         - @ConditionalOnAvailableEndpoint not exposed (OnAvailableEndpointCondition)

   HttpHandlerAutoConfiguration:
      Did not match:
         - @ConditionalOnClass did not find required class 'org.springframework.web.reactive.DispatcherHandler' (OnClassCondition)

   HumioMetricsExportAutoConfiguration:
      Did not match:
         - @ConditionalOnClass did not find required class 'io.micrometer.humio.HumioMeterRegistry' (OnClassCondition)

   HypermediaAutoConfiguration:
      Did not match:
         - @ConditionalOnClass did not find required class 'org.springframework.hateoas.EntityModel' (OnClassCondition)

   InfinispanCacheConfiguration:
      Did not match:
         - @ConditionalOnClass did not find required class 'org.infinispan.spring.embedded.provider.SpringEmbeddedCacheManager' (OnClassCondition)

   InfluxMetricsExportAutoConfiguration:
      Did not match:
         - @ConditionalOnClass did not find required class 'io.micrometer.influx.InfluxMeterRegistry' (OnClassCondition)

   InfoContributorAutoConfiguration#buildInfoContributor:
      Did not match:
         - @ConditionalOnSingleCandidate (types: org.springframework.boot.info.BuildProperties; SearchStrategy: all) did not find any beans (OnBeanCondition)
      Matched:
         - @ConditionalOnEnabledInfoContributor management.info.defaults.enabled is considered true (OnEnabledInfoContributorCondition)

   InfoContributorAutoConfiguration#envInfoContributor:
      Did not match:
         - @ConditionalOnEnabledInfoContributor management.info.env.enabled is not true (OnEnabledInfoContributorCondition)

   InfoContributorAutoConfiguration#gitInfoContributor:
      Did not match:
         - @ConditionalOnSingleCandidate (types: org.springframework.boot.info.GitProperties; SearchStrategy: all) did not find any beans (OnBeanCondition)
      Matched:
         - @ConditionalOnEnabledInfoContributor management.info.defaults.enabled is considered true (OnEnabledInfoContributorCondition)

   InfoContributorAutoConfiguration#javaInfoContributor:
      Did not match:
         - @ConditionalOnEnabledInfoContributor management.info.java.enabled is not true (OnEnabledInfoContributorCondition)

   InfoContributorAutoConfiguration#osInfoContributor:
      Did not match:
         - @ConditionalOnEnabledInfoContributor management.info.os.enabled is not true (OnEnabledInfoContributorCondition)

   InfoContributorAutoConfiguration#processInfoContributor:
      Did not match:
         - @ConditionalOnEnabledInfoContributor management.info.process.enabled is not true (OnEnabledInfoContributorCondition)

   InfoContributorAutoConfiguration#sslInfo:
      Did not match:
         - @ConditionalOnEnabledInfoContributor management.info.ssl.enabled is not true (OnEnabledInfoContributorCondition)
      Matched:
         - @ConditionalOnMissingBean (types: org.springframework.boot.info.SslInfo; SearchStrategy: all) did not find any beans (OnBeanCondition)

   InfoContributorAutoConfiguration#sslInfoContributor:
      Did not match:
         - @ConditionalOnEnabledInfoContributor management.info.ssl.enabled is not true (OnEnabledInfoContributorCondition)

   IntegrationAutoConfiguration:
      Did not match:
         - @ConditionalOnClass did not find required class 'org.springframework.integration.config.EnableIntegration' (OnClassCondition)

   IntegrationGraphEndpointAutoConfiguration:
      Did not match:
         - @ConditionalOnClass did not find required class 'org.springframework.integration.graph.IntegrationGraphServer' (OnClassCondition)

   JCacheCacheConfiguration:
      Did not match:
         - @ConditionalOnClass did not find required class 'javax.cache.Caching' (OnClassCondition)

   JacksonHttpMessageConvertersConfiguration.MappingJackson2XmlHttpMessageConverterConfiguration:
      Did not match:
         - @ConditionalOnClass did not find required class 'com.fasterxml.jackson.dataformat.xml.XmlMapper' (OnClassCondition)

   JdbcRepositoriesAutoConfiguration:
      Did not match:
         - @ConditionalOnClass did not find required class 'org.springframework.data.jdbc.repository.config.AbstractJdbcConfiguration' (OnClassCondition)

   JerseyAutoConfiguration:
      Did not match:
         - @ConditionalOnClass did not find required class 'org.glassfish.jersey.server.spring.SpringComponentProvider' (OnClassCondition)

   JerseySameManagementContextConfiguration:
      Did not match:
         - @ConditionalOnClass did not find required class 'org.glassfish.jersey.server.ResourceConfig' (OnClassCondition)

   JerseyServerMetricsAutoConfiguration:
      Did not match:
         - @ConditionalOnClass did not find required class 'org.glassfish.jersey.micrometer.server.ObservationApplicationEventListener' (OnClassCondition)

   JerseyWebEndpointManagementContextConfiguration:
      Did not match:
         - @ConditionalOnClass did not find required class 'org.glassfish.jersey.server.ResourceConfig' (OnClassCondition)

   JettyMetricsAutoConfiguration:
      Did not match:
         - @ConditionalOnClass did not find required class 'org.eclipse.jetty.server.Server' (OnClassCondition)

   JmsAnnotationDrivenConfiguration.EnableJmsConfiguration:
      Did not match:
         - @ConditionalOnMissingBean (names: org.springframework.jms.config.internalJmsListenerAnnotationProcessor; SearchStrategy: all) found beans named org.springframework.jms.config.internalJmsListenerAnnotationProcessor (OnBeanCondition)

   JmsAnnotationDrivenConfiguration.JndiConfiguration:
      Did not match:
         - @ConditionalOnJndi JNDI environment is not available (OnJndiCondition)

   JmsAutoConfiguration.JmsTemplateConfiguration#jmsTemplate:
      Did not match:
         - @ConditionalOnMissingBean (types: org.springframework.jms.core.JmsOperations; SearchStrategy: all) found beans of type 'org.springframework.jms.core.JmsOperations' jmsTemplate (OnBeanCondition)

   JmxAutoConfiguration:
      Did not match:
         - @ConditionalOnBooleanProperty (spring.jmx.enabled=true) did not find property 'spring.jmx.enabled' (OnPropertyCondition)
      Matched:
         - @ConditionalOnClass found required class 'org.springframework.jmx.export.MBeanExporter' (OnClassCondition)

   JmxEndpointAutoConfiguration:
      Did not match:
         - @ConditionalOnBooleanProperty (spring.jmx.enabled=true) did not find property 'spring.jmx.enabled' (OnPropertyCondition)

   JmxMetricsExportAutoConfiguration:
      Did not match:
         - @ConditionalOnClass did not find required class 'io.micrometer.jmx.JmxMeterRegistry' (OnClassCondition)

   JndiConnectionFactoryAutoConfiguration:
      Did not match:
         - AnyNestedCondition 0 matched 2 did not; NestedCondition on JndiConnectionFactoryAutoConfiguration.JndiOrPropertyCondition.Property @ConditionalOnProperty (spring.jms.jndi-name) did not find property 'spring.jms.jndi-name'; NestedCondition on JndiConnectionFactoryAutoConfiguration.JndiOrPropertyCondition.Jndi @ConditionalOnJndi JNDI environment is not available (JndiConnectionFactoryAutoConfiguration.JndiOrPropertyCondition)
      Matched:
         - @ConditionalOnClass found required class 'org.springframework.jms.core.JmsTemplate' (OnClassCondition)

   JndiDataSourceAutoConfiguration:
      Did not match:
         - @ConditionalOnProperty (spring.datasource.jndi-name) did not find property 'spring.datasource.jndi-name' (OnPropertyCondition)
      Matched:
         - @ConditionalOnClass found required classes 'javax.sql.DataSource', 'org.springframework.jdbc.datasource.embedded.EmbeddedDatabaseType' (OnClassCondition)

   JndiJtaConfiguration:
      Did not match:
         - @ConditionalOnJndi JNDI environment is not available (OnJndiCondition)
      Matched:
         - @ConditionalOnClass found required class 'org.springframework.transaction.jta.JtaTransactionManager' (OnClassCondition)

   JooqAutoConfiguration:
      Did not match:
         - @ConditionalOnClass did not find required class 'org.jooq.DSLContext' (OnClassCondition)

   JpaRepositoriesAutoConfiguration#entityManagerFactoryBootstrapExecutorCustomizer:
      Did not match:
         - AnyNestedCondition 0 matched 2 did not; NestedCondition on JpaRepositoriesAutoConfiguration.BootstrapExecutorCondition.LazyBootstrapMode @ConditionalOnProperty (spring.data.jpa.repositories.bootstrap-mode=lazy) did not find property 'spring.data.jpa.repositories.bootstrap-mode'; NestedCondition on JpaRepositoriesAutoConfiguration.BootstrapExecutorCondition.DeferredBootstrapMode @ConditionalOnProperty (spring.data.jpa.repositories.bootstrap-mode=deferred) did not find property 'spring.data.jpa.repositories.bootstrap-mode' (JpaRepositoriesAutoConfiguration.BootstrapExecutorCondition)

   JsonbAutoConfiguration:
      Did not match:
         - @ConditionalOnClass did not find required class 'jakarta.json.bind.Jsonb' (OnClassCondition)

   JsonbHttpMessageConvertersConfiguration:
      Did not match:
         - @ConditionalOnClass did not find required class 'jakarta.json.bind.Jsonb' (OnClassCondition)

   JvmMetricsAutoConfiguration#virtualThreadMetrics:
      Did not match:
         - @ConditionalOnClass did not find required class 'io.micrometer.java21.instrument.binder.jdk.VirtualThreadMetrics' (OnClassCondition)

   KafkaAnnotationDrivenConfiguration#kafkaListenerContainerFactoryConfigurerVirtualThreads:
      Did not match:
         - @ConditionalOnMissingBean (types: org.springframework.boot.autoconfigure.kafka.ConcurrentKafkaListenerContainerFactoryConfigurer; SearchStrategy: all) found beans of type 'org.springframework.boot.autoconfigure.kafka.ConcurrentKafkaListenerContainerFactoryConfigurer' kafkaListenerContainerFactoryConfigurer (OnBeanCondition)

   KafkaAnnotationDrivenConfiguration.EnableKafkaConfiguration:
      Did not match:
         - @ConditionalOnMissingBean (names: org.springframework.kafka.config.internalKafkaListenerAnnotationProcessor; SearchStrategy: all) found beans named org.springframework.kafka.config.internalKafkaListenerAnnotationProcessor (OnBeanCondition)

   KafkaAutoConfiguration#kafkaJaasInitializer:
      Did not match:
         - @ConditionalOnBooleanProperty (spring.kafka.jaas.enabled=true) did not find property 'spring.kafka.jaas.enabled' (OnPropertyCondition)

   KafkaAutoConfiguration#kafkaRetryTopicConfiguration:
      Did not match:
         - @ConditionalOnBooleanProperty (spring.kafka.retry.topic.enabled=true) did not find property 'spring.kafka.retry.topic.enabled' (OnPropertyCondition)

   KafkaAutoConfiguration#kafkaTransactionManager:
      Did not match:
         - @ConditionalOnProperty (spring.kafka.producer.transaction-id-prefix) did not find property 'spring.kafka.producer.transaction-id-prefix' (OnPropertyCondition)

   KafkaStreamsAnnotationDrivenConfiguration:
      Did not match:
         - @ConditionalOnClass did not find required class 'org.apache.kafka.streams.StreamsBuilder' (OnClassCondition)

   KairosMetricsExportAutoConfiguration:
      Did not match:
         - @ConditionalOnClass did not find required class 'io.micrometer.kairos.KairosMeterRegistry' (OnClassCondition)

   LdapAutoConfiguration:
      Did not match:
         - @ConditionalOnClass did not find required class 'org.springframework.ldap.core.ContextSource' (OnClassCondition)

   LdapHealthContributorAutoConfiguration:
      Did not match:
         - @ConditionalOnClass did not find required class 'org.springframework.ldap.core.LdapOperations' (OnClassCondition)

   LdapRepositoriesAutoConfiguration:
      Did not match:
         - @ConditionalOnClass did not find required class 'org.springframework.data.ldap.repository.LdapRepository' (OnClassCondition)

   LettuceMetricsAutoConfiguration:
      Did not match:
         - @ConditionalOnClass did not find required class 'io.lettuce.core.metrics.MicrometerCommandLatencyRecorder' (OnClassCondition)

   LiquibaseAutoConfiguration:
      Did not match:
         - @ConditionalOnClass did not find required class 'liquibase.change.DatabaseChange' (OnClassCondition)

   LiquibaseEndpointAutoConfiguration:
      Did not match:
         - @ConditionalOnClass did not find required class 'liquibase.integration.spring.SpringLiquibase' (OnClassCondition)

   Log4J2MetricsAutoConfiguration:
      Did not match:
         - LoggerContext was not an instance of org.apache.logging.log4j.core.LoggerContext (Log4J2MetricsAutoConfiguration.Log4JCoreLoggerContextCondition)
      Matched:
         - @ConditionalOnClass found required classes 'io.micrometer.core.instrument.binder.logging.Log4j2Metrics', 'org.apache.logging.log4j.LogManager', 'org.apache.logging.log4j.core.LoggerContext' (OnClassCondition)

   LogFileWebEndpointAutoConfiguration:
      Did not match:
         - @ConditionalOnAvailableEndpoint not exposed (OnAvailableEndpointCondition)

   LoggersEndpointAutoConfiguration:
      Did not match:
         - @ConditionalOnAvailableEndpoint not exposed (OnAvailableEndpointCondition)

   MailHealthContributorAutoConfiguration:
      Did not match:
         - @ConditionalOnClass did not find required class 'org.springframework.mail.javamail.JavaMailSenderImpl' (OnClassCondition)

   MailSenderAutoConfiguration:
      Did not match:
         - @ConditionalOnClass did not find required class 'jakarta.mail.internet.MimeMessage' (OnClassCondition)

   MailSenderValidatorAutoConfiguration:
      Did not match:
         - @ConditionalOnSingleCandidate did not find required type 'org.springframework.mail.javamail.JavaMailSenderImpl' (OnBeanCondition)

   ManagementContextAutoConfiguration.DifferentManagementContextConfiguration:
      Did not match:
         - Management Port actual port type (SAME) did not match required type (DIFFERENT) (OnManagementPortCondition)

   ManagementWebSecurityAutoConfiguration:
      Did not match:
         - AllNestedConditions 1 matched 1 did not; NestedCondition on DefaultWebSecurityCondition.Beans @ConditionalOnMissingBean (types: ?; SearchStrategy: all) did not find any beans; NestedCondition on DefaultWebSecurityCondition.Classes @ConditionalOnClass did not find required classes 'org.springframework.security.web.SecurityFilterChain', 'org.springframework.security.config.annotation.web.builders.HttpSecurity' (DefaultWebSecurityCondition)
      Matched:
         - found 'session' scope (OnWebApplicationCondition)

   MappingsEndpointAutoConfiguration:
      Did not match:
         - @ConditionalOnAvailableEndpoint not exposed (OnAvailableEndpointCondition)

   McpServerAutoConfiguration#asyncTools:
      Did not match:
         - @ConditionalOnProperty (spring.ai.mcp.server.type=ASYNC) found different value in property 'type' (OnPropertyCondition)

   McpServerAutoConfiguration#mcpAsyncServer:
      Did not match:
         - @ConditionalOnProperty (spring.ai.mcp.server.type=ASYNC) found different value in property 'type' (OnPropertyCondition)

   McpServerAutoConfiguration#stdioServerTransport:
      Did not match:
         - @ConditionalOnMissingBean (types: io.modelcontextprotocol.spec.McpServerTransportProvider; SearchStrategy: all) found beans of type 'io.modelcontextprotocol.spec.McpServerTransportProvider' webMvcSseServerTransportProvider (OnBeanCondition)

   McpWebFluxServerAutoConfiguration:
      Did not match:
         - @ConditionalOnClass did not find required class 'io.modelcontextprotocol.server.transport.WebFluxSseServerTransportProvider' (OnClassCondition)

   MessageSourceAutoConfiguration:
      Did not match:
         - ResourceBundle did not find bundle with basename messages (MessageSourceAutoConfiguration.ResourceBundleCondition)

   MetricsAspectsAutoConfiguration:
      Did not match:
         - @ConditionalOnBooleanProperty (management.observations.annotations.enabled=true) did not find property 'management.observations.annotations.enabled' (OnPropertyCondition)
      Matched:
         - @ConditionalOnClass found required classes 'io.micrometer.core.instrument.MeterRegistry', 'org.aspectj.weaver.Advice' (OnClassCondition)

   MicrometerTracingAutoConfiguration:
      Did not match:
         - @ConditionalOnClass did not find required class 'io.micrometer.tracing.Tracer' (OnClassCondition)

   MongoAutoConfiguration:
      Did not match:
         - @ConditionalOnClass did not find required class 'com.mongodb.client.MongoClient' (OnClassCondition)

   MongoDataAutoConfiguration:
      Did not match:
         - @ConditionalOnClass did not find required class 'com.mongodb.client.MongoClient' (OnClassCondition)

   MongoHealthContributorAutoConfiguration:
      Did not match:
         - @ConditionalOnClass did not find required class 'org.springframework.data.mongodb.core.MongoTemplate' (OnClassCondition)

   MongoMetricsAutoConfiguration:
      Did not match:
         - @ConditionalOnClass did not find required class 'com.mongodb.MongoClientSettings' (OnClassCondition)

   MongoReactiveAutoConfiguration:
      Did not match:
         - @ConditionalOnClass did not find required class 'com.mongodb.reactivestreams.client.MongoClient' (OnClassCondition)

   MongoReactiveDataAutoConfiguration:
      Did not match:
         - @ConditionalOnClass did not find required class 'com.mongodb.reactivestreams.client.MongoClient' (OnClassCondition)

   MongoReactiveHealthContributorAutoConfiguration:
      Did not match:
         - @ConditionalOnClass did not find required class 'org.springframework.data.mongodb.core.ReactiveMongoTemplate' (OnClassCondition)

   MongoReactiveRepositoriesAutoConfiguration:
      Did not match:
         - @ConditionalOnClass did not find required class 'com.mongodb.reactivestreams.client.MongoClient' (OnClassCondition)

   MongoRepositoriesAutoConfiguration:
      Did not match:
         - @ConditionalOnClass did not find required class 'com.mongodb.client.MongoClient' (OnClassCondition)

   MustacheAutoConfiguration:
      Did not match:
         - @ConditionalOnClass did not find required class 'com.samskivert.mustache.Mustache' (OnClassCondition)

   Neo4jAutoConfiguration:
      Did not match:
         - @ConditionalOnClass did not find required class 'org.neo4j.driver.Driver' (OnClassCondition)

   Neo4jDataAutoConfiguration:
      Did not match:
         - @ConditionalOnClass did not find required class 'org.neo4j.driver.Driver' (OnClassCondition)

   Neo4jHealthContributorAutoConfiguration:
      Did not match:
         - @ConditionalOnClass did not find required class 'org.neo4j.driver.Driver' (OnClassCondition)

   Neo4jReactiveDataAutoConfiguration:
      Did not match:
         - @ConditionalOnClass did not find required class 'org.neo4j.driver.Driver' (OnClassCondition)

   Neo4jReactiveRepositoriesAutoConfiguration:
      Did not match:
         - @ConditionalOnClass did not find required class 'org.neo4j.driver.Driver' (OnClassCondition)

   Neo4jRepositoriesAutoConfiguration:
      Did not match:
         - @ConditionalOnClass did not find required class 'org.neo4j.driver.Driver' (OnClassCondition)

   NettyAutoConfiguration:
      Did not match:
         - @ConditionalOnClass did not find required class 'io.netty.util.NettyRuntime' (OnClassCondition)

   NewRelicMetricsExportAutoConfiguration:
      Did not match:
         - @ConditionalOnClass did not find required class 'io.micrometer.newrelic.NewRelicMeterRegistry' (OnClassCondition)

   NoOpMeterRegistryConfiguration:
      Did not match:
         - @ConditionalOnMissingBean (types: io.micrometer.core.instrument.MeterRegistry; SearchStrategy: all) found beans of type 'io.micrometer.core.instrument.MeterRegistry' prometheusMeterRegistry (OnBeanCondition)

   NoopTracerAutoConfiguration:
      Did not match:
         - @ConditionalOnClass did not find required class 'io.micrometer.tracing.Tracer' (OnClassCondition)

   OAuth2AuthorizationServerAutoConfiguration:
      Did not match:
         - @ConditionalOnClass did not find required class 'org.springframework.security.oauth2.server.authorization.OAuth2Authorization' (OnClassCondition)

   OAuth2AuthorizationServerJwtAutoConfiguration:
      Did not match:
         - @ConditionalOnClass did not find required class 'com.nimbusds.jose.jwk.source.JWKSource' (OnClassCondition)

   OAuth2ClientAutoConfiguration:
      Did not match:
         - @ConditionalOnClass did not find required class 'org.springframework.security.oauth2.client.registration.ClientRegistration' (OnClassCondition)

   OAuth2ClientWebSecurityAutoConfiguration:
      Did not match:
         - @ConditionalOnClass did not find required class 'org.springframework.security.config.annotation.web.configuration.EnableWebSecurity' (OnClassCondition)

   OAuth2ResourceServerAutoConfiguration:
      Did not match:
         - @ConditionalOnClass did not find required class 'org.springframework.security.oauth2.server.resource.authentication.BearerTokenAuthenticationToken' (OnClassCondition)

   ObservationAutoConfiguration.MeterObservationHandlerConfiguration.TracingAndMetricsObservationHandlerConfiguration:
      Did not match:
         - @ConditionalOnBean did not find required type 'io.micrometer.tracing.Tracer' (OnBeanCondition)
         - @ConditionalOnBean (types: ?; SearchStrategy: all) did not find any beans of type ? (OnBeanCondition)

   ObservationAutoConfiguration.MetricsWithTracingConfiguration:
      Did not match:
         - @ConditionalOnClass did not find required class 'io.micrometer.tracing.Tracer' (OnClassCondition)

   ObservationAutoConfiguration.ObservedAspectConfiguration:
      Did not match:
         - @ConditionalOnBooleanProperty (management.observations.annotations.enabled=true) did not find property 'management.observations.annotations.enabled' (OnPropertyCondition)
      Matched:
         - @ConditionalOnClass found required class 'org.aspectj.weaver.Advice' (OnClassCondition)

   ObservationAutoConfiguration.OnlyTracingConfiguration:
      Did not match:
         - @ConditionalOnClass did not find required class 'io.micrometer.tracing.Tracer' (OnClassCondition)

   OpenTelemetryAutoConfiguration:
      Did not match:
         - @ConditionalOnClass did not find required class 'io.opentelemetry.sdk.OpenTelemetrySdk' (OnClassCondition)

   OpenTelemetryLoggingAutoConfiguration:
      Did not match:
         - @ConditionalOnClass did not find required class 'io.opentelemetry.api.OpenTelemetry' (OnClassCondition)

   OpenTelemetryTracingAutoConfiguration:
      Did not match:
         - @ConditionalOnClass did not find required class 'io.micrometer.tracing.otel.bridge.OtelTracer' (OnClassCondition)

   OtlpLoggingAutoConfiguration:
      Did not match:
         - @ConditionalOnClass did not find required class 'io.opentelemetry.api.OpenTelemetry' (OnClassCondition)

   OtlpMetricsExportAutoConfiguration:
      Did not match:
         - @ConditionalOnClass did not find required class 'io.micrometer.registry.otlp.OtlpMeterRegistry' (OnClassCondition)

   OtlpTracingAutoConfiguration:
      Did not match:
         - @ConditionalOnClass did not find required class 'io.micrometer.tracing.otel.bridge.OtelTracer' (OnClassCondition)

   ProjectInfoAutoConfiguration#buildProperties:
      Did not match:
         - @ConditionalOnResource did not find resource '${spring.info.build.location:classpath:META-INF/build-info.properties}' (OnResourceCondition)

   ProjectInfoAutoConfiguration#gitProperties:
      Did not match:
         - GitResource did not find git info at classpath:git.properties (ProjectInfoAutoConfiguration.GitResourceAvailableCondition)

   PrometheusExemplarsAutoConfiguration:
      Did not match:
         - @ConditionalOnClass did not find required class 'io.micrometer.tracing.Tracer' (OnClassCondition)

   PrometheusMetricsExportAutoConfiguration.PrometheusPushGatewayConfiguration:
      Did not match:
         - @ConditionalOnClass did not find required class 'io.prometheus.metrics.exporter.pushgateway.PushGateway' (OnClassCondition)

   PulsarAutoConfiguration:
      Did not match:
         - @ConditionalOnClass did not find required class 'org.apache.pulsar.client.api.PulsarClient' (OnClassCondition)

   PulsarReactiveAutoConfiguration:
      Did not match:
         - @ConditionalOnClass did not find required class 'org.apache.pulsar.client.api.PulsarClient' (OnClassCondition)

   QuartzAutoConfiguration:
      Did not match:
         - @ConditionalOnClass did not find required class 'org.quartz.Scheduler' (OnClassCondition)

   QuartzEndpointAutoConfiguration:
      Did not match:
         - @ConditionalOnClass did not find required class 'org.quartz.Scheduler' (OnClassCondition)

   R2dbcAutoConfiguration:
      Did not match:
         - @ConditionalOnClass did not find required class 'io.r2dbc.spi.ConnectionFactory' (OnClassCondition)

   R2dbcDataAutoConfiguration:
      Did not match:
         - @ConditionalOnClass did not find required class 'org.springframework.data.r2dbc.core.R2dbcEntityTemplate' (OnClassCondition)

   R2dbcInitializationConfiguration:
      Did not match:
         - @ConditionalOnClass did not find required classes 'io.r2dbc.spi.ConnectionFactory', 'org.springframework.r2dbc.connection.init.DatabasePopulator' (OnClassCondition)

   R2dbcObservationAutoConfiguration:
      Did not match:
         - @ConditionalOnClass did not find required class 'io.r2dbc.proxy.ProxyConnectionFactory' (OnClassCondition)

   R2dbcProxyAutoConfiguration:
      Did not match:
         - @ConditionalOnClass did not find required class 'io.r2dbc.proxy.ProxyConnectionFactory' (OnClassCondition)

   R2dbcRepositoriesAutoConfiguration:
      Did not match:
         - @ConditionalOnClass did not find required class 'io.r2dbc.spi.ConnectionFactory' (OnClassCondition)

   R2dbcTransactionManagerAutoConfiguration:
      Did not match:
         - @ConditionalOnClass did not find required class 'org.springframework.r2dbc.connection.R2dbcTransactionManager' (OnClassCondition)

   RSocketGraphQlClientAutoConfiguration:
      Did not match:
         - @ConditionalOnClass did not find required class 'graphql.GraphQL' (OnClassCondition)

   RSocketMessagingAutoConfiguration:
      Did not match:
         - @ConditionalOnClass did not find required class 'io.rsocket.RSocket' (OnClassCondition)

   RSocketRequesterAutoConfiguration:
      Did not match:
         - @ConditionalOnClass did not find required class 'io.rsocket.RSocket' (OnClassCondition)

   RSocketSecurityAutoConfiguration:
      Did not match:
         - @ConditionalOnClass did not find required class 'org.springframework.security.rsocket.core.SecuritySocketAcceptorInterceptor' (OnClassCondition)

   RSocketServerAutoConfiguration:
      Did not match:
         - @ConditionalOnClass did not find required class 'io.rsocket.core.RSocketServer' (OnClassCondition)

   RSocketStrategiesAutoConfiguration:
      Did not match:
         - @ConditionalOnClass did not find required class 'io.netty.buffer.PooledByteBufAllocator' (OnClassCondition)

   RabbitAutoConfiguration:
      Did not match:
         - @ConditionalOnClass did not find required class 'com.rabbitmq.client.Channel' (OnClassCondition)

   RabbitHealthContributorAutoConfiguration:
      Did not match:
         - @ConditionalOnClass did not find required class 'org.springframework.amqp.rabbit.core.RabbitTemplate' (OnClassCondition)

   RabbitMetricsAutoConfiguration:
      Did not match:
         - @ConditionalOnClass did not find required class 'com.rabbitmq.client.ConnectionFactory' (OnClassCondition)

   ReactiveCloudFoundryActuatorAutoConfiguration:
      Did not match:
         - @ConditionalOnWebApplication did not find reactive web application classes (OnWebApplicationCondition)

   ReactiveElasticsearchClientAutoConfiguration:
      Did not match:
         - @ConditionalOnClass did not find required class 'co.elastic.clients.transport.ElasticsearchTransport' (OnClassCondition)

   ReactiveElasticsearchRepositoriesAutoConfiguration:
      Did not match:
         - @ConditionalOnClass did not find required class 'org.springframework.data.elasticsearch.client.elc.ReactiveElasticsearchClient' (OnClassCondition)

   ReactiveManagementContextAutoConfiguration:
      Did not match:
         - @ConditionalOnWebApplication did not find reactive web application classes (OnWebApplicationCondition)

   ReactiveManagementWebSecurityAutoConfiguration:
      Did not match:
         - @ConditionalOnClass did not find required class 'org.springframework.security.config.annotation.web.reactive.EnableWebFluxSecurity' (OnClassCondition)

   ReactiveMultipartAutoConfiguration:
      Did not match:
         - @ConditionalOnClass did not find required class 'org.springframework.web.reactive.config.WebFluxConfigurer' (OnClassCondition)

   ReactiveOAuth2ClientAutoConfiguration:
      Did not match:
         - @ConditionalOnClass did not find required class 'org.springframework.security.oauth2.client.registration.ClientRegistration' (OnClassCondition)

   ReactiveOAuth2ClientWebSecurityAutoConfiguration:
      Did not match:
         - @ConditionalOnClass did not find required class 'org.springframework.security.config.annotation.web.reactive.EnableWebFluxSecurity' (OnClassCondition)

   ReactiveOAuth2ResourceServerAutoConfiguration:
      Did not match:
         - @ConditionalOnClass did not find required class 'org.springframework.security.config.annotation.web.reactive.EnableWebFluxSecurity' (OnClassCondition)

   ReactiveSecurityAutoConfiguration:
      Did not match:
         - @ConditionalOnClass did not find required class 'org.springframework.security.config.annotation.web.reactive.EnableWebFluxSecurity' (OnClassCondition)

   ReactiveUserDetailsServiceAutoConfiguration:
      Did not match:
         - @ConditionalOnClass did not find required class 'org.springframework.security.authentication.ReactiveAuthenticationManager' (OnClassCondition)

   ReactiveWebServerFactoryAutoConfiguration:
      Did not match:
         - @ConditionalOnWebApplication did not find reactive web application classes (OnWebApplicationCondition)

   RedisAutoConfiguration:
      Did not match:
         - @ConditionalOnClass did not find required class 'org.springframework.data.redis.core.RedisOperations' (OnClassCondition)

   RedisCacheConfiguration:
      Did not match:
         - @ConditionalOnClass did not find required class 'org.springframework.data.redis.connection.RedisConnectionFactory' (OnClassCondition)

   RedisHealthContributorAutoConfiguration:
      Did not match:
         - @ConditionalOnClass did not find required class 'org.springframework.data.redis.connection.RedisConnectionFactory' (OnClassCondition)

   RedisReactiveAutoConfiguration:
      Did not match:
         - @ConditionalOnClass did not find required class 'org.springframework.data.redis.connection.ReactiveRedisConnectionFactory' (OnClassCondition)

   RedisReactiveHealthContributorAutoConfiguration:
      Did not match:
         - @ConditionalOnClass did not find required class 'org.springframework.data.redis.connection.ReactiveRedisConnectionFactory' (OnClassCondition)

   RedisRepositoriesAutoConfiguration:
      Did not match:
         - @ConditionalOnClass did not find required class 'org.springframework.data.redis.repository.configuration.EnableRedisRepositories' (OnClassCondition)

   RepositoryRestMvcAutoConfiguration:
      Did not match:
         - @ConditionalOnClass did not find required class 'org.springframework.data.rest.webmvc.config.RepositoryRestMvcConfiguration' (OnClassCondition)

   Saml2RelyingPartyAutoConfiguration:
      Did not match:
         - @ConditionalOnClass did not find required class 'org.springframework.security.saml2.provider.service.registration.RelyingPartyRegistrationRepository' (OnClassCondition)

   SbomEndpointAutoConfiguration:
      Did not match:
         - @ConditionalOnAvailableEndpoint not exposed (OnAvailableEndpointCondition)

   ScheduledTasksEndpointAutoConfiguration:
      Did not match:
         - @ConditionalOnAvailableEndpoint not exposed (OnAvailableEndpointCondition)

   SecurityAutoConfiguration:
      Did not match:
         - @ConditionalOnClass did not find required class 'org.springframework.security.authentication.DefaultAuthenticationEventPublisher' (OnClassCondition)

   SecurityFilterAutoConfiguration:
      Did not match:
         - @ConditionalOnClass did not find required class 'org.springframework.security.config.http.SessionCreationPolicy' (OnClassCondition)

   SecurityRequestMatchersManagementContextConfiguration:
      Did not match:
         - @ConditionalOnClass did not find required class 'org.springframework.security.web.util.matcher.RequestMatcher' (OnClassCondition)

   SendGridAutoConfiguration:
      Did not match:
         - @ConditionalOnClass did not find required class 'com.sendgrid.SendGrid' (OnClassCondition)

   ServletEndpointManagementContextConfiguration.JerseyServletEndpointManagementContextConfiguration:
      Did not match:
         - @ConditionalOnClass did not find required class 'org.glassfish.jersey.server.ResourceConfig' (OnClassCondition)

   ServletManagementContextAutoConfiguration.ApplicationContextFilterConfiguration:
      Did not match:
         - @ConditionalOnBooleanProperty (management.server.add-application-context-header=true) did not find property 'management.server.add-application-context-header' (OnPropertyCondition)

   ServletWebServerFactoryAutoConfiguration.ForwardedHeaderFilterConfiguration:
      Did not match:
         - @ConditionalOnProperty (server.forward-headers-strategy=framework) did not find property 'server.forward-headers-strategy' (OnPropertyCondition)

   ServletWebServerFactoryConfiguration.EmbeddedJetty:
      Did not match:
         - @ConditionalOnClass did not find required classes 'org.eclipse.jetty.server.Server', 'org.eclipse.jetty.util.Loader', 'org.eclipse.jetty.ee10.webapp.WebAppContext' (OnClassCondition)

   ServletWebServerFactoryConfiguration.EmbeddedUndertow:
      Did not match:
         - @ConditionalOnClass did not find required classes 'io.undertow.Undertow', 'org.xnio.SslClientAuthMode' (OnClassCondition)

   SessionAutoConfiguration:
      Did not match:
         - @ConditionalOnClass did not find required class 'org.springframework.session.Session' (OnClassCondition)

   SessionsEndpointAutoConfiguration:
      Did not match:
         - @ConditionalOnClass did not find required class 'org.springframework.session.Session' (OnClassCondition)

   ShutdownEndpointAutoConfiguration:
      Did not match:
         - @ConditionalOnAvailableEndpoint the configured access for endpoint 'shutdown' is NONE (OnAvailableEndpointCondition)

   SignalFxMetricsExportAutoConfiguration:
      Did not match:
         - @ConditionalOnClass did not find required class 'io.micrometer.signalfx.SignalFxMeterRegistry' (OnClassCondition)

   SimpleMetricsExportAutoConfiguration:
      Did not match:
         - @ConditionalOnMissingBean (types: io.micrometer.core.instrument.MeterRegistry; SearchStrategy: all) found beans of type 'io.micrometer.core.instrument.MeterRegistry' prometheusMeterRegistry (OnBeanCondition)
      Matched:
         - @ConditionalOnEnabledMetricsExport management.defaults.metrics.export.enabled is considered true (OnMetricsExportEnabledCondition)

   SpringApplicationAdminJmxAutoConfiguration:
      Did not match:
         - @ConditionalOnBooleanProperty (spring.application.admin.enabled=true) did not find property 'spring.application.admin.enabled' (OnPropertyCondition)

   SslObservabilityAutoConfiguration#sslInfoProvider:
      Did not match:
         - @ConditionalOnMissingBean (types: org.springframework.boot.info.SslInfo; SearchStrategy: all) found beans of type 'org.springframework.boot.info.SslInfo' sslInfo (OnBeanCondition)

   StackdriverMetricsExportAutoConfiguration:
      Did not match:
         - @ConditionalOnClass did not find required class 'io.micrometer.stackdriver.StackdriverMeterRegistry' (OnClassCondition)

   StartupEndpointAutoConfiguration:
      Did not match:
         - ApplicationStartup configured applicationStartup is of type class org.springframework.core.metrics.DefaultApplicationStartup, expected BufferingApplicationStartup. (StartupEndpointAutoConfiguration.ApplicationStartupCondition)

   StatsdMetricsExportAutoConfiguration:
      Did not match:
         - @ConditionalOnClass did not find required class 'io.micrometer.statsd.StatsdMeterRegistry' (OnClassCondition)

   TaskExecutorConfigurations.SimpleAsyncTaskExecutorBuilderConfiguration#simpleAsyncTaskExecutorBuilderVirtualThreads:
      Did not match:
         - @ConditionalOnMissingBean (types: org.springframework.boot.task.SimpleAsyncTaskExecutorBuilder; SearchStrategy: all) found beans of type 'org.springframework.boot.task.SimpleAsyncTaskExecutorBuilder' simpleAsyncTaskExecutorBuilder (OnBeanCondition)

   TaskExecutorConfigurations.TaskExecutorConfiguration#applicationTaskExecutorVirtualThreads:
      Did not match:
         - @ConditionalOnThreading did not find VIRTUAL (OnThreadingCondition)

   TaskSchedulingAutoConfiguration#scheduledBeanLazyInitializationExcludeFilter:
      Did not match:
         - @ConditionalOnBean (names: org.springframework.context.annotation.internalScheduledAnnotationProcessor; SearchStrategy: all) did not find any beans named org.springframework.context.annotation.internalScheduledAnnotationProcessor (OnBeanCondition)

   TaskSchedulingConfigurations.SimpleAsyncTaskSchedulerBuilderConfiguration#simpleAsyncTaskSchedulerBuilderVirtualThreads:
      Did not match:
         - @ConditionalOnMissingBean (types: org.springframework.boot.task.SimpleAsyncTaskSchedulerBuilder; SearchStrategy: all) found beans of type 'org.springframework.boot.task.SimpleAsyncTaskSchedulerBuilder' simpleAsyncTaskSchedulerBuilder (OnBeanCondition)

   TaskSchedulingConfigurations.TaskSchedulerConfiguration:
      Did not match:
         - @ConditionalOnBean (names: org.springframework.context.annotation.internalScheduledAnnotationProcessor; SearchStrategy: all) did not find any beans named org.springframework.context.annotation.internalScheduledAnnotationProcessor (OnBeanCondition)

   ThreadDumpEndpointAutoConfiguration:
      Did not match:
         - @ConditionalOnAvailableEndpoint not exposed (OnAvailableEndpointCondition)

   ThymeleafAutoConfiguration:
      Did not match:
         - @ConditionalOnClass did not find required class 'org.thymeleaf.spring6.SpringTemplateEngine' (OnClassCondition)

   TransactionAutoConfiguration#transactionalOperator:
      Did not match:
         - @ConditionalOnSingleCandidate (types: org.springframework.transaction.ReactiveTransactionManager; SearchStrategy: all) did not find any beans (OnBeanCondition)

   TransactionAutoConfiguration.AspectJTransactionManagementConfiguration:
      Did not match:
         - @ConditionalOnBean (types: org.springframework.transaction.aspectj.AbstractTransactionAspect; SearchStrategy: all) did not find any beans of type org.springframework.transaction.aspectj.AbstractTransactionAspect (OnBeanCondition)

   TransactionAutoConfiguration.EnableTransactionManagementConfiguration.JdkDynamicAutoProxyConfiguration:
      Did not match:
         - @ConditionalOnBooleanProperty (spring.aop.proxy-target-class=false) did not find property 'spring.aop.proxy-target-class' (OnPropertyCondition)

   UserDetailsServiceAutoConfiguration:
      Did not match:
         - @ConditionalOnClass did not find required class 'org.springframework.security.authentication.AuthenticationManager' (OnClassCondition)

   WavefrontAutoConfiguration:
      Did not match:
         - @ConditionalOnClass did not find required class 'com.wavefront.sdk.common.application.ApplicationTags' (OnClassCondition)

   WavefrontMetricsExportAutoConfiguration:
      Did not match:
         - @ConditionalOnClass did not find required class 'com.wavefront.sdk.common.WavefrontSender' (OnClassCondition)

   WavefrontTracingAutoConfiguration:
      Did not match:
         - @ConditionalOnClass did not find required class 'com.wavefront.sdk.common.WavefrontSender' (OnClassCondition)

   WebClientAutoConfiguration:
      Did not match:
         - @ConditionalOnClass did not find required class 'org.springframework.web.reactive.function.client.WebClient' (OnClassCondition)

   WebClientObservationConfiguration:
      Did not match:
         - @ConditionalOnClass did not find required class 'org.springframework.web.reactive.function.client.WebClient' (OnClassCondition)

   WebFluxAutoConfiguration:
      Did not match:
         - @ConditionalOnClass did not find required class 'org.springframework.web.reactive.config.WebFluxConfigurer' (OnClassCondition)

   WebFluxEndpointManagementContextConfiguration:
      Did not match:
         - @ConditionalOnClass did not find required class 'org.springframework.web.reactive.DispatcherHandler' (OnClassCondition)

   WebFluxObservationAutoConfiguration:
      Did not match:
         - @ConditionalOnWebApplication did not find reactive web application classes (OnWebApplicationCondition)

   WebMvcAutoConfiguration#hiddenHttpMethodFilter:
      Did not match:
         - @ConditionalOnBooleanProperty (spring.mvc.hiddenmethod.filter.enabled=true) did not find property 'spring.mvc.hiddenmethod.filter.enabled' (OnPropertyCondition)

   WebMvcAutoConfiguration.ProblemDetailsErrorHandlingConfiguration:
      Did not match:
         - @ConditionalOnBooleanProperty (spring.mvc.problemdetails.enabled=true) did not find property 'spring.mvc.problemdetails.enabled' (OnPropertyCondition)

   WebMvcAutoConfiguration.ResourceChainCustomizerConfiguration:
      Did not match:
         - @ConditionalOnEnabledResourceChain did not find class org.webjars.WebJarVersionLocator (OnEnabledResourceChainCondition)

   WebMvcAutoConfiguration.WebMvcAutoConfigurationAdapter#beanNameViewResolver:
      Did not match:
         - @ConditionalOnMissingBean (types: org.springframework.web.servlet.view.BeanNameViewResolver; SearchStrategy: all) found beans of type 'org.springframework.web.servlet.view.BeanNameViewResolver' beanNameViewResolver (OnBeanCondition)

   WebMvcEndpointManagementContextConfiguration#managementHealthEndpointWebMvcHandlerMapping:
      Did not match:
         - Management Port actual port type (SAME) did not match required type (DIFFERENT) (OnManagementPortCondition)

   WebServiceTemplateAutoConfiguration:
      Did not match:
         - @ConditionalOnClass did not find required class 'org.springframework.oxm.Marshaller' (OnClassCondition)

   WebServicesAutoConfiguration:
      Did not match:
         - @ConditionalOnClass did not find required class 'org.springframework.ws.transport.http.MessageDispatcherServlet' (OnClassCondition)

   WebSessionIdResolverAutoConfiguration:
      Did not match:
         - @ConditionalOnWebApplication did not find reactive web application classes (OnWebApplicationCondition)

   WebSocketMessagingAutoConfiguration:
      Did not match:
         - @ConditionalOnClass did not find required class 'org.springframework.web.socket.config.annotation.WebSocketMessageBrokerConfigurer' (OnClassCondition)

   WebSocketReactiveAutoConfiguration:
      Did not match:
         - @ConditionalOnWebApplication did not find reactive web application classes (OnWebApplicationCondition)

   WebSocketServletAutoConfiguration.JettyWebSocketConfiguration:
      Did not match:
         - @ConditionalOnClass did not find required class 'org.eclipse.jetty.ee10.websocket.jakarta.server.config.JakartaWebSocketServletContainerInitializer' (OnClassCondition)

   WebSocketServletAutoConfiguration.UndertowWebSocketConfiguration:
      Did not match:
         - @ConditionalOnClass did not find required class 'io.undertow.websockets.jsr.Bootstrap' (OnClassCondition)

   XADataSourceAutoConfiguration:
      Did not match:
         - @ConditionalOnBean (types: org.springframework.boot.jdbc.XADataSourceWrapper; SearchStrategy: all) did not find any beans of type org.springframework.boot.jdbc.XADataSourceWrapper (OnBeanCondition)
      Matched:
         - @ConditionalOnClass found required classes 'javax.sql.DataSource', 'jakarta.transaction.TransactionManager', 'org.springframework.jdbc.datasource.embedded.EmbeddedDatabaseType' (OnClassCondition)

   ZipkinAutoConfiguration:
      Did not match:
         - @ConditionalOnClass did not find required class 'zipkin2.reporter.Encoding' (OnClassCondition)


Exclusions:
-----------

    None


Unconditional classes:
----------------------

    org.springframework.boot.autoconfigure.context.ConfigurationPropertiesAutoConfiguration

    org.springframework.boot.actuate.autoconfigure.availability.AvailabilityHealthContributorAutoConfiguration

    org.springframework.boot.autoconfigure.ssl.SslAutoConfiguration

    org.springframework.boot.actuate.autoconfigure.info.InfoContributorAutoConfiguration

    org.springframework.boot.autoconfigure.context.PropertyPlaceholderAutoConfiguration

    org.springframework.boot.autoconfigure.context.LifecycleAutoConfiguration

    org.springframework.boot.actuate.autoconfigure.metrics.integration.IntegrationMetricsAutoConfiguration

    org.springframework.boot.actuate.autoconfigure.endpoint.EndpointAutoConfiguration

    org.springframework.boot.actuate.autoconfigure.web.server.ManagementContextAutoConfiguration

    org.springframework.boot.actuate.autoconfigure.health.HealthContributorAutoConfiguration

    org.springframework.boot.actuate.autoconfigure.endpoint.jackson.JacksonEndpointAutoConfiguration

    org.springframework.boot.autoconfigure.availability.ApplicationAvailabilityAutoConfiguration

    org.springframework.boot.autoconfigure.info.ProjectInfoAutoConfiguration



2026-08-08 20:41:38,637 INFO  com.company.spring_service.SpringServiceApplication : Started SpringServiceApplication in 3.012 seconds (process running for 3.191)
2026-08-08 20:41:38,639 DEBUG org.springframework.boot.availability.ApplicationAvailabilityBean : Application availability state LivenessState changed to CORRECT
2026-08-08 20:41:38,640 DEBUG org.springframework.boot.availability.ApplicationAvailabilityBean : Application availability state ReadinessState changed to ACCEPTING_TRAFFIC
2026-08-08 20:41:38,640 INFO  com.company.spring_service.SpringServiceApplication : Spring Service Application Started Successfully
2026-08-08 20:41:38,655 INFO  org.apache.kafka.clients.Metadata : [Consumer clientId=consumer-user-service-group-2, groupId=user-service-group] Cluster ID: 5L6g3nShT-eMCtK--X86sw
2026-08-08 20:41:38,655 INFO  org.apache.kafka.clients.Metadata : [Consumer clientId=consumer-audit-group-1, groupId=audit-group] Cluster ID: 5L6g3nShT-eMCtK--X86sw
2026-08-08 20:41:38,656 INFO  org.apache.kafka.clients.consumer.internals.ConsumerCoordinator : [Consumer clientId=consumer-user-service-group-2, groupId=user-service-group] Discovered group coordinator localhost:9092 (id: 2147483646 rack: null)
2026-08-08 20:41:38,656 INFO  org.apache.kafka.clients.consumer.internals.ConsumerCoordinator : [Consumer clientId=consumer-audit-group-1, groupId=audit-group] Discovered group coordinator localhost:9092 (id: 2147483646 rack: null)
2026-08-08 20:41:38,657 INFO  org.apache.kafka.clients.consumer.internals.ConsumerCoordinator : [Consumer clientId=consumer-audit-group-1, groupId=audit-group] (Re-)joining group
2026-08-08 20:41:38,657 INFO  org.apache.kafka.clients.consumer.internals.ConsumerCoordinator : [Consumer clientId=consumer-user-service-group-2, groupId=user-service-group] (Re-)joining group
2026-08-08 20:41:38,675 INFO  org.apache.kafka.clients.consumer.internals.ConsumerCoordinator : [Consumer clientId=consumer-audit-group-1, groupId=audit-group] Request joining group due to: need to re-join with the given member-id: consumer-audit-group-1-041631ee-e79a-43fa-a831-0eecc85bf388
2026-08-08 20:41:38,675 INFO  org.apache.kafka.clients.consumer.internals.ConsumerCoordinator : [Consumer clientId=consumer-user-service-group-2, groupId=user-service-group] Request joining group due to: need to re-join with the given member-id: consumer-user-service-group-2-0c9d7e9b-b345-41b2-a074-6173bf10a509
2026-08-08 20:41:38,675 INFO  org.apache.kafka.clients.consumer.internals.ConsumerCoordinator : [Consumer clientId=consumer-audit-group-1, groupId=audit-group] (Re-)joining group
2026-08-08 20:41:38,675 INFO  org.apache.kafka.clients.consumer.internals.ConsumerCoordinator : [Consumer clientId=consumer-user-service-group-2, groupId=user-service-group] (Re-)joining group
2026-08-08 20:56:43,583 INFO  org.apache.kafka.clients.NetworkClient : [Consumer clientId=consumer-user-service-group-2, groupId=user-service-group] Disconnecting from node 2147483646 due to request timeout.
2026-08-08 20:56:43,583 INFO  org.apache.kafka.clients.NetworkClient : [Consumer clientId=consumer-audit-group-1, groupId=audit-group] Disconnecting from node 2147483646 due to request timeout.
2026-08-08 20:56:43,599 INFO  org.apache.kafka.clients.NetworkClient : [Consumer clientId=consumer-audit-group-1, groupId=audit-group] Cancelled in-flight JOIN_GROUP request with correlation id 6 due to node 2147483646 being disconnected (elapsed time since creation: 904905ms, elapsed time since send: 904905ms, throttle time: 0ms, request timeout: 305000ms)
2026-08-08 20:56:43,599 INFO  org.apache.kafka.clients.NetworkClient : [Consumer clientId=consumer-user-service-group-2, groupId=user-service-group] Cancelled in-flight JOIN_GROUP request with correlation id 6 due to node 2147483646 being disconnected (elapsed time since creation: 904905ms, elapsed time since send: 904905ms, throttle time: 0ms, request timeout: 305000ms)
2026-08-08 20:56:43,601 INFO  org.apache.kafka.clients.consumer.internals.ConsumerCoordinator : [Consumer clientId=consumer-audit-group-1, groupId=audit-group] Group coordinator localhost:9092 (id: 2147483646 rack: null) is unavailable or invalid due to cause: null. isDisconnected: true. Rediscovery will be attempted.
2026-08-08 20:56:43,601 INFO  org.apache.kafka.clients.consumer.internals.ConsumerCoordinator : [Consumer clientId=consumer-user-service-group-2, groupId=user-service-group] Group coordinator localhost:9092 (id: 2147483646 rack: null) is unavailable or invalid due to cause: null. isDisconnected: true. Rediscovery will be attempted.
2026-08-08 20:56:44,013 INFO  org.apache.kafka.clients.consumer.internals.ConsumerCoordinator : [Consumer clientId=consumer-user-service-group-2, groupId=user-service-group] Discovered group coordinator localhost:9092 (id: 2147483646 rack: null)
2026-08-08 20:56:44,017 INFO  org.apache.kafka.clients.consumer.internals.ConsumerCoordinator : [Consumer clientId=consumer-user-service-group-2, groupId=user-service-group] Request joining group due to: rebalance failed due to 'null' (DisconnectException)
2026-08-08 20:56:44,017 INFO  org.apache.kafka.clients.consumer.internals.ConsumerCoordinator : [Consumer clientId=consumer-user-service-group-2, groupId=user-service-group] (Re-)joining group
2026-08-08 20:56:44,030 INFO  org.apache.kafka.clients.consumer.internals.ConsumerCoordinator : [Consumer clientId=consumer-audit-group-1, groupId=audit-group] Discovered group coordinator localhost:9092 (id: 2147483646 rack: null)
2026-08-08 20:56:44,034 INFO  org.apache.kafka.clients.consumer.internals.ConsumerCoordinator : [Consumer clientId=consumer-audit-group-1, groupId=audit-group] Request joining group due to: rebalance failed due to 'null' (DisconnectException)
2026-08-08 20:56:44,034 INFO  org.apache.kafka.clients.consumer.internals.ConsumerCoordinator : [Consumer clientId=consumer-audit-group-1, groupId=audit-group] (Re-)joining group
2026-08-08 20:56:44,461 INFO  org.apache.kafka.clients.consumer.internals.ConsumerCoordinator : [Consumer clientId=consumer-audit-group-1, groupId=audit-group] Successfully joined group with generation Generation{generationId=69, memberId='consumer-audit-group-1-041631ee-e79a-43fa-a831-0eecc85bf388', protocol='range'}
2026-08-08 20:56:44,461 INFO  org.apache.kafka.clients.consumer.internals.ConsumerCoordinator : [Consumer clientId=consumer-user-service-group-2, groupId=user-service-group] Successfully joined group with generation Generation{generationId=74, memberId='consumer-user-service-group-2-0c9d7e9b-b345-41b2-a074-6173bf10a509', protocol='range'}
2026-08-08 20:56:44,476 INFO  org.apache.kafka.clients.consumer.internals.ConsumerCoordinator : [Consumer clientId=consumer-user-service-group-2, groupId=user-service-group] Finished assignment for group at generation 74: {consumer-user-service-group-2-0c9d7e9b-b345-41b2-a074-6173bf10a509=Assignment(partitions=[user-events-0])}
2026-08-08 20:56:44,476 INFO  org.apache.kafka.clients.consumer.internals.ConsumerCoordinator : [Consumer clientId=consumer-audit-group-1, groupId=audit-group] Finished assignment for group at generation 69: {consumer-audit-group-1-041631ee-e79a-43fa-a831-0eecc85bf388=Assignment(partitions=[user-events-0])}
2026-08-08 20:56:44,490 INFO  org.apache.kafka.clients.consumer.internals.ConsumerCoordinator : [Consumer clientId=consumer-user-service-group-2, groupId=user-service-group] Successfully synced group in generation Generation{generationId=74, memberId='consumer-user-service-group-2-0c9d7e9b-b345-41b2-a074-6173bf10a509', protocol='range'}
2026-08-08 20:56:44,490 INFO  org.apache.kafka.clients.consumer.internals.ConsumerCoordinator : [Consumer clientId=consumer-audit-group-1, groupId=audit-group] Successfully synced group in generation Generation{generationId=69, memberId='consumer-audit-group-1-041631ee-e79a-43fa-a831-0eecc85bf388', protocol='range'}
2026-08-08 20:56:44,490 INFO  org.apache.kafka.clients.consumer.internals.ConsumerCoordinator : [Consumer clientId=consumer-audit-group-1, groupId=audit-group] Notifying assignor about the new Assignment(partitions=[user-events-0])
2026-08-08 20:56:44,490 INFO  org.apache.kafka.clients.consumer.internals.ConsumerCoordinator : [Consumer clientId=consumer-user-service-group-2, groupId=user-service-group] Notifying assignor about the new Assignment(partitions=[user-events-0])
2026-08-08 20:56:44,493 INFO  org.apache.kafka.clients.consumer.internals.ConsumerRebalanceListenerInvoker : [Consumer clientId=consumer-user-service-group-2, groupId=user-service-group] Adding newly assigned partitions: user-events-0
2026-08-08 20:56:44,493 INFO  org.apache.kafka.clients.consumer.internals.ConsumerRebalanceListenerInvoker : [Consumer clientId=consumer-audit-group-1, groupId=audit-group] Adding newly assigned partitions: user-events-0
2026-08-08 20:56:44,501 INFO  org.apache.kafka.clients.consumer.internals.ConsumerUtils : Setting offset for partition user-events-0 to the committed offset FetchPosition{offset=3, offsetEpoch=Optional.empty, currentLeader=LeaderAndEpoch{leader=Optional[localhost:9092 (id: 1 rack: null)], epoch=2}}
2026-08-08 20:56:44,502 INFO  org.springframework.kafka.listener.KafkaMessageListenerContainer : user-service-group: partitions assigned: [user-events-0]
2026-08-08 20:56:44,504 INFO  org.apache.kafka.clients.consumer.internals.ConsumerUtils : Setting offset for partition user-events-0 to the committed offset FetchPosition{offset=3, offsetEpoch=Optional.empty, currentLeader=LeaderAndEpoch{leader=Optional[localhost:9092 (id: 1 rack: null)], epoch=2}}
2026-08-08 20:56:44,504 INFO  org.springframework.kafka.listener.KafkaMessageListenerContainer : audit-group: partitions assigned: [user-events-0]
2026-08-08 21:00:30,308 INFO  org.apache.kafka.clients.consumer.internals.ConsumerCoordinator : [Consumer clientId=consumer-user-service-group-2, groupId=user-service-group] Group coordinator localhost:9092 (id: 2147483646 rack: null) is unavailable or invalid due to cause: session timed out without receiving a heartbeat response. isDisconnected: false. Rediscovery will be attempted.
2026-08-08 21:00:30,308 INFO  org.apache.kafka.clients.consumer.internals.ConsumerCoordinator : [Consumer clientId=consumer-audit-group-1, groupId=audit-group] Group coordinator localhost:9092 (id: 2147483646 rack: null) is unavailable or invalid due to cause: session timed out without receiving a heartbeat response. isDisconnected: false. Rediscovery will be attempted.
2026-08-08 21:00:30,309 INFO  org.apache.kafka.clients.consumer.internals.ConsumerCoordinator : [Consumer clientId=consumer-user-service-group-2, groupId=user-service-group] Requesting disconnect from last known coordinator localhost:9092 (id: 2147483646 rack: null)
2026-08-08 21:00:30,309 INFO  org.apache.kafka.clients.consumer.internals.ConsumerCoordinator : [Consumer clientId=consumer-audit-group-1, groupId=audit-group] Requesting disconnect from last known coordinator localhost:9092 (id: 2147483646 rack: null)
2026-08-08 21:00:30,309 INFO  org.apache.kafka.clients.NetworkClient : [Consumer clientId=consumer-audit-group-1, groupId=audit-group] Client requested disconnect from node 2147483646
2026-08-08 21:00:30,309 INFO  org.apache.kafka.clients.NetworkClient : [Consumer clientId=consumer-user-service-group-2, groupId=user-service-group] Client requested disconnect from node 2147483646
2026-08-08 21:00:30,322 INFO  org.apache.kafka.clients.consumer.internals.ConsumerCoordinator : [Consumer clientId=consumer-user-service-group-2, groupId=user-service-group] Discovered group coordinator localhost:9092 (id: 2147483646 rack: null)
2026-08-08 21:00:30,322 INFO  org.apache.kafka.clients.consumer.internals.ConsumerCoordinator : [Consumer clientId=consumer-audit-group-1, groupId=audit-group] Discovered group coordinator localhost:9092 (id: 2147483646 rack: null)
2026-08-08 21:00:30,322 INFO  org.apache.kafka.clients.consumer.internals.ConsumerCoordinator : [Consumer clientId=consumer-user-service-group-2, groupId=user-service-group] Group coordinator localhost:9092 (id: 2147483646 rack: null) is unavailable or invalid due to cause: coordinator unavailable. isDisconnected: false. Rediscovery will be attempted.
2026-08-08 21:00:30,322 INFO  org.apache.kafka.clients.consumer.internals.ConsumerCoordinator : [Consumer clientId=consumer-user-service-group-2, groupId=user-service-group] Requesting disconnect from last known coordinator localhost:9092 (id: 2147483646 rack: null)
2026-08-08 21:00:30,322 INFO  org.apache.kafka.clients.consumer.internals.ConsumerCoordinator : [Consumer clientId=consumer-audit-group-1, groupId=audit-group] Group coordinator localhost:9092 (id: 2147483646 rack: null) is unavailable or invalid due to cause: coordinator unavailable. isDisconnected: false. Rediscovery will be attempted.
2026-08-08 21:00:30,323 INFO  org.apache.kafka.clients.consumer.internals.ConsumerCoordinator : [Consumer clientId=consumer-audit-group-1, groupId=audit-group] Requesting disconnect from last known coordinator localhost:9092 (id: 2147483646 rack: null)
2026-08-08 21:00:30,411 INFO  org.apache.kafka.clients.consumer.internals.ConsumerCoordinator : [Consumer clientId=consumer-audit-group-1, groupId=audit-group] Discovered group coordinator localhost:9092 (id: 2147483646 rack: null)
2026-08-08 21:00:30,426 INFO  org.apache.kafka.clients.consumer.internals.ConsumerCoordinator : [Consumer clientId=consumer-user-service-group-2, groupId=user-service-group] Discovered group coordinator localhost:9092 (id: 2147483646 rack: null)
2026-08-08 21:00:50,872 WARN  com.zaxxer.hikari.pool.HikariPool : HikariPool-1 - Thread starvation or clock leap detected (housekeeper delta=19m13s519ms).
2026-08-08 21:01:47,344 INFO  org.apache.kafka.clients.consumer.internals.ConsumerCoordinator : [Consumer clientId=consumer-user-service-group-2, groupId=user-service-group] Group coordinator localhost:9092 (id: 2147483646 rack: null) is unavailable or invalid due to cause: session timed out without receiving a heartbeat response. isDisconnected: false. Rediscovery will be attempted.
2026-08-08 21:01:47,344 INFO  org.apache.kafka.clients.consumer.internals.ConsumerCoordinator : [Consumer clientId=consumer-audit-group-1, groupId=audit-group] Group coordinator localhost:9092 (id: 2147483646 rack: null) is unavailable or invalid due to cause: session timed out without receiving a heartbeat response. isDisconnected: false. Rediscovery will be attempted.
2026-08-08 21:01:47,345 INFO  org.apache.kafka.clients.consumer.internals.ConsumerCoordinator : [Consumer clientId=consumer-audit-group-1, groupId=audit-group] Requesting disconnect from last known coordinator localhost:9092 (id: 2147483646 rack: null)
2026-08-08 21:01:47,345 INFO  org.apache.kafka.clients.consumer.internals.ConsumerCoordinator : [Consumer clientId=consumer-user-service-group-2, groupId=user-service-group] Requesting disconnect from last known coordinator localhost:9092 (id: 2147483646 rack: null)
2026-08-08 21:01:47,345 INFO  org.apache.kafka.clients.NetworkClient : [Consumer clientId=consumer-user-service-group-2, groupId=user-service-group] Client requested disconnect from node 2147483646
2026-08-08 21:01:47,345 INFO  org.apache.kafka.clients.NetworkClient : [Consumer clientId=consumer-audit-group-1, groupId=audit-group] Client requested disconnect from node 2147483646
2026-08-08 21:01:47,354 INFO  org.apache.kafka.clients.consumer.internals.ConsumerCoordinator : [Consumer clientId=consumer-user-service-group-2, groupId=user-service-group] Discovered group coordinator localhost:9092 (id: 2147483646 rack: null)
2026-08-08 21:01:47,354 INFO  org.apache.kafka.clients.consumer.internals.ConsumerCoordinator : [Consumer clientId=consumer-audit-group-1, groupId=audit-group] Discovered group coordinator localhost:9092 (id: 2147483646 rack: null)
2026-08-08 21:01:47,354 INFO  org.apache.kafka.clients.consumer.internals.ConsumerCoordinator : [Consumer clientId=consumer-audit-group-1, groupId=audit-group] Group coordinator localhost:9092 (id: 2147483646 rack: null) is unavailable or invalid due to cause: coordinator unavailable. isDisconnected: false. Rediscovery will be attempted.
2026-08-08 21:01:47,354 INFO  org.apache.kafka.clients.consumer.internals.ConsumerCoordinator : [Consumer clientId=consumer-user-service-group-2, groupId=user-service-group] Group coordinator localhost:9092 (id: 2147483646 rack: null) is unavailable or invalid due to cause: coordinator unavailable. isDisconnected: false. Rediscovery will be attempted.
2026-08-08 21:01:47,355 INFO  org.apache.kafka.clients.consumer.internals.ConsumerCoordinator : [Consumer clientId=consumer-audit-group-1, groupId=audit-group] Requesting disconnect from last known coordinator localhost:9092 (id: 2147483646 rack: null)
2026-08-08 21:01:47,355 INFO  org.apache.kafka.clients.consumer.internals.ConsumerCoordinator : [Consumer clientId=consumer-user-service-group-2, groupId=user-service-group] Requesting disconnect from last known coordinator localhost:9092 (id: 2147483646 rack: null)
2026-08-08 21:01:47,477 INFO  org.apache.kafka.clients.consumer.internals.ConsumerCoordinator : [Consumer clientId=consumer-user-service-group-2, groupId=user-service-group] Discovered group coordinator localhost:9092 (id: 2147483646 rack: null)
2026-08-08 21:01:47,477 INFO  org.apache.kafka.clients.consumer.internals.ConsumerCoordinator : [Consumer clientId=consumer-audit-group-1, groupId=audit-group] Discovered group coordinator localhost:9092 (id: 2147483646 rack: null)
2026-08-08 21:03:39,310 INFO  org.apache.kafka.clients.consumer.internals.ConsumerCoordinator : [Consumer clientId=consumer-user-service-group-2, groupId=user-service-group] Group coordinator localhost:9092 (id: 2147483646 rack: null) is unavailable or invalid due to cause: session timed out without receiving a heartbeat response. isDisconnected: false. Rediscovery will be attempted.
2026-08-08 21:03:39,311 INFO  org.apache.kafka.clients.consumer.internals.ConsumerCoordinator : [Consumer clientId=consumer-audit-group-1, groupId=audit-group] Group coordinator localhost:9092 (id: 2147483646 rack: null) is unavailable or invalid due to cause: session timed out without receiving a heartbeat response. isDisconnected: false. Rediscovery will be attempted.
2026-08-08 21:03:39,312 INFO  org.apache.kafka.clients.consumer.internals.ConsumerCoordinator : [Consumer clientId=consumer-user-service-group-2, groupId=user-service-group] Requesting disconnect from last known coordinator localhost:9092 (id: 2147483646 rack: null)
2026-08-08 21:03:39,312 INFO  org.apache.kafka.clients.consumer.internals.ConsumerCoordinator : [Consumer clientId=consumer-audit-group-1, groupId=audit-group] Requesting disconnect from last known coordinator localhost:9092 (id: 2147483646 rack: null)
2026-08-08 21:03:39,312 INFO  org.apache.kafka.clients.NetworkClient : [Consumer clientId=consumer-audit-group-1, groupId=audit-group] Client requested disconnect from node 2147483646
2026-08-08 21:03:39,312 INFO  org.apache.kafka.clients.NetworkClient : [Consumer clientId=consumer-user-service-group-2, groupId=user-service-group] Client requested disconnect from node 2147483646
2026-08-08 21:03:39,321 INFO  org.apache.kafka.clients.consumer.internals.ConsumerCoordinator : [Consumer clientId=consumer-audit-group-1, groupId=audit-group] Discovered group coordinator localhost:9092 (id: 2147483646 rack: null)
2026-08-08 21:03:39,321 INFO  org.apache.kafka.clients.consumer.internals.ConsumerCoordinator : [Consumer clientId=consumer-user-service-group-2, groupId=user-service-group] Discovered group coordinator localhost:9092 (id: 2147483646 rack: null)
2026-08-08 21:03:39,321 INFO  org.apache.kafka.clients.consumer.internals.ConsumerCoordinator : [Consumer clientId=consumer-audit-group-1, groupId=audit-group] Group coordinator localhost:9092 (id: 2147483646 rack: null) is unavailable or invalid due to cause: coordinator unavailable. isDisconnected: false. Rediscovery will be attempted.
2026-08-08 21:03:39,321 INFO  org.apache.kafka.clients.consumer.internals.ConsumerCoordinator : [Consumer clientId=consumer-user-service-group-2, groupId=user-service-group] Group coordinator localhost:9092 (id: 2147483646 rack: null) is unavailable or invalid due to cause: coordinator unavailable. isDisconnected: false. Rediscovery will be attempted.
2026-08-08 21:03:39,321 INFO  org.apache.kafka.clients.consumer.internals.ConsumerCoordinator : [Consumer clientId=consumer-audit-group-1, groupId=audit-group] Requesting disconnect from last known coordinator localhost:9092 (id: 2147483646 rack: null)
2026-08-08 21:03:39,321 INFO  org.apache.kafka.clients.consumer.internals.ConsumerCoordinator : [Consumer clientId=consumer-user-service-group-2, groupId=user-service-group] Requesting disconnect from last known coordinator localhost:9092 (id: 2147483646 rack: null)
2026-08-08 21:03:39,420 INFO  org.apache.kafka.clients.consumer.internals.ConsumerCoordinator : [Consumer clientId=consumer-user-service-group-2, groupId=user-service-group] Discovered group coordinator localhost:9092 (id: 2147483646 rack: null)
2026-08-08 21:03:39,437 INFO  org.apache.kafka.clients.consumer.internals.ConsumerCoordinator : [Consumer clientId=consumer-audit-group-1, groupId=audit-group] Discovered group coordinator localhost:9092 (id: 2147483646 rack: null)
2026-08-08 21:03:46,193 WARN  com.zaxxer.hikari.pool.HikariPool : HikariPool-1 - Thread starvation or clock leap detected (housekeeper delta=2m55s322ms).
2026-08-08 21:05:28,358 INFO  org.apache.kafka.clients.consumer.internals.ConsumerCoordinator : [Consumer clientId=consumer-user-service-group-2, groupId=user-service-group] Group coordinator localhost:9092 (id: 2147483646 rack: null) is unavailable or invalid due to cause: session timed out without receiving a heartbeat response. isDisconnected: false. Rediscovery will be attempted.
2026-08-08 21:05:28,359 INFO  org.apache.kafka.clients.consumer.internals.ConsumerCoordinator : [Consumer clientId=consumer-user-service-group-2, groupId=user-service-group] Requesting disconnect from last known coordinator localhost:9092 (id: 2147483646 rack: null)
2026-08-08 21:05:28,359 INFO  org.apache.kafka.clients.NetworkClient : [Consumer clientId=consumer-user-service-group-2, groupId=user-service-group] Client requested disconnect from node 2147483646
2026-08-08 21:05:28,363 INFO  org.apache.kafka.clients.consumer.internals.ConsumerCoordinator : [Consumer clientId=consumer-user-service-group-2, groupId=user-service-group] Discovered group coordinator localhost:9092 (id: 2147483646 rack: null)
2026-08-08 21:05:28,364 INFO  org.apache.kafka.clients.consumer.internals.ConsumerCoordinator : [Consumer clientId=consumer-user-service-group-2, groupId=user-service-group] Group coordinator localhost:9092 (id: 2147483646 rack: null) is unavailable or invalid due to cause: coordinator unavailable. isDisconnected: false. Rediscovery will be attempted.
2026-08-08 21:05:28,364 INFO  org.apache.kafka.clients.consumer.internals.ConsumerCoordinator : [Consumer clientId=consumer-user-service-group-2, groupId=user-service-group] Requesting disconnect from last known coordinator localhost:9092 (id: 2147483646 rack: null)
2026-08-08 21:05:28,366 INFO  org.apache.kafka.clients.consumer.internals.ConsumerCoordinator : [Consumer clientId=consumer-audit-group-1, groupId=audit-group] Group coordinator localhost:9092 (id: 2147483646 rack: null) is unavailable or invalid due to cause: session timed out without receiving a heartbeat response. isDisconnected: false. Rediscovery will be attempted.
2026-08-08 21:05:28,366 INFO  org.apache.kafka.clients.consumer.internals.ConsumerCoordinator : [Consumer clientId=consumer-audit-group-1, groupId=audit-group] Requesting disconnect from last known coordinator localhost:9092 (id: 2147483646 rack: null)
2026-08-08 21:05:28,366 INFO  org.apache.kafka.clients.NetworkClient : [Consumer clientId=consumer-audit-group-1, groupId=audit-group] Client requested disconnect from node 2147483646
2026-08-08 21:05:28,367 INFO  org.apache.kafka.clients.consumer.internals.ConsumerCoordinator : [Consumer clientId=consumer-audit-group-1, groupId=audit-group] Discovered group coordinator localhost:9092 (id: 2147483646 rack: null)
2026-08-08 21:05:28,368 INFO  org.apache.kafka.clients.consumer.internals.ConsumerCoordinator : [Consumer clientId=consumer-audit-group-1, groupId=audit-group] Group coordinator localhost:9092 (id: 2147483646 rack: null) is unavailable or invalid due to cause: coordinator unavailable. isDisconnected: false. Rediscovery will be attempted.
2026-08-08 21:05:28,368 INFO  org.apache.kafka.clients.consumer.internals.ConsumerCoordinator : [Consumer clientId=consumer-audit-group-1, groupId=audit-group] Requesting disconnect from last known coordinator localhost:9092 (id: 2147483646 rack: null)
2026-08-08 21:05:28,498 INFO  org.apache.kafka.clients.consumer.internals.ConsumerCoordinator : [Consumer clientId=consumer-user-service-group-2, groupId=user-service-group] Discovered group coordinator localhost:9092 (id: 2147483646 rack: null)
2026-08-08 21:05:28,498 INFO  org.apache.kafka.clients.consumer.internals.ConsumerCoordinator : [Consumer clientId=consumer-audit-group-1, groupId=audit-group] Discovered group coordinator localhost:9092 (id: 2147483646 rack: null)
2026-08-08 21:05:55,054 WARN  com.zaxxer.hikari.pool.HikariPool : HikariPool-1 - Thread starvation or clock leap detected (housekeeper delta=2m8s860ms).
2026-08-08 21:06:47,160 INFO  org.apache.kafka.clients.consumer.internals.ConsumerCoordinator : [Consumer clientId=consumer-audit-group-1, groupId=audit-group] Group coordinator localhost:9092 (id: 2147483646 rack: null) is unavailable or invalid due to cause: session timed out without receiving a heartbeat response. isDisconnected: false. Rediscovery will be attempted.
2026-08-08 21:06:47,160 INFO  org.apache.kafka.clients.consumer.internals.ConsumerCoordinator : [Consumer clientId=consumer-user-service-group-2, groupId=user-service-group] Group coordinator localhost:9092 (id: 2147483646 rack: null) is unavailable or invalid due to cause: session timed out without receiving a heartbeat response. isDisconnected: false. Rediscovery will be attempted.
2026-08-08 21:06:47,161 INFO  org.apache.kafka.clients.consumer.internals.ConsumerCoordinator : [Consumer clientId=consumer-audit-group-1, groupId=audit-group] Requesting disconnect from last known coordinator localhost:9092 (id: 2147483646 rack: null)
2026-08-08 21:06:47,161 INFO  org.apache.kafka.clients.consumer.internals.ConsumerCoordinator : [Consumer clientId=consumer-user-service-group-2, groupId=user-service-group] Requesting disconnect from last known coordinator localhost:9092 (id: 2147483646 rack: null)
2026-08-08 21:06:47,161 INFO  org.apache.kafka.clients.NetworkClient : [Consumer clientId=consumer-audit-group-1, groupId=audit-group] Client requested disconnect from node 2147483646
2026-08-08 21:06:47,161 INFO  org.apache.kafka.clients.NetworkClient : [Consumer clientId=consumer-user-service-group-2, groupId=user-service-group] Client requested disconnect from node 2147483646
2026-08-08 21:06:47,164 INFO  org.apache.kafka.clients.consumer.internals.ConsumerCoordinator : [Consumer clientId=consumer-audit-group-1, groupId=audit-group] Discovered group coordinator localhost:9092 (id: 2147483646 rack: null)
2026-08-08 21:06:47,164 INFO  org.apache.kafka.clients.consumer.internals.ConsumerCoordinator : [Consumer clientId=consumer-user-service-group-2, groupId=user-service-group] Discovered group coordinator localhost:9092 (id: 2147483646 rack: null)
2026-08-08 21:06:47,167 INFO  org.apache.kafka.clients.consumer.internals.ConsumerCoordinator : [Consumer clientId=consumer-user-service-group-2, groupId=user-service-group] Group coordinator localhost:9092 (id: 2147483646 rack: null) is unavailable or invalid due to cause: coordinator unavailable. isDisconnected: false. Rediscovery will be attempted.
2026-08-08 21:06:47,167 INFO  org.apache.kafka.clients.consumer.internals.ConsumerCoordinator : [Consumer clientId=consumer-audit-group-1, groupId=audit-group] Group coordinator localhost:9092 (id: 2147483646 rack: null) is unavailable or invalid due to cause: coordinator unavailable. isDisconnected: false. Rediscovery will be attempted.
2026-08-08 21:06:47,167 INFO  org.apache.kafka.clients.consumer.internals.ConsumerCoordinator : [Consumer clientId=consumer-user-service-group-2, groupId=user-service-group] Requesting disconnect from last known coordinator localhost:9092 (id: 2147483646 rack: null)
2026-08-08 21:06:47,167 INFO  org.apache.kafka.clients.consumer.internals.ConsumerCoordinator : [Consumer clientId=consumer-audit-group-1, groupId=audit-group] Requesting disconnect from last known coordinator localhost:9092 (id: 2147483646 rack: null)
2026-08-08 21:06:47,288 INFO  org.apache.kafka.clients.consumer.internals.ConsumerCoordinator : [Consumer clientId=consumer-user-service-group-2, groupId=user-service-group] Discovered group coordinator localhost:9092 (id: 2147483646 rack: null)
2026-08-08 21:06:47,289 INFO  org.apache.kafka.clients.consumer.internals.ConsumerCoordinator : [Consumer clientId=consumer-audit-group-1, groupId=audit-group] Discovered group coordinator localhost:9092 (id: 2147483646 rack: null)
2026-08-08 21:23:29,719 INFO  org.apache.kafka.clients.consumer.internals.ConsumerCoordinator : [Consumer clientId=consumer-user-service-group-2, groupId=user-service-group] Group coordinator localhost:9092 (id: 2147483646 rack: null) is unavailable or invalid due to cause: session timed out without receiving a heartbeat response. isDisconnected: false. Rediscovery will be attempted.
2026-08-08 21:23:29,719 INFO  org.apache.kafka.clients.consumer.internals.ConsumerCoordinator : [Consumer clientId=consumer-audit-group-1, groupId=audit-group] Group coordinator localhost:9092 (id: 2147483646 rack: null) is unavailable or invalid due to cause: session timed out without receiving a heartbeat response. isDisconnected: false. Rediscovery will be attempted.
2026-08-08 21:23:29,719 INFO  org.apache.kafka.clients.consumer.internals.ConsumerCoordinator : [Consumer clientId=consumer-user-service-group-2, groupId=user-service-group] Requesting disconnect from last known coordinator localhost:9092 (id: 2147483646 rack: null)
2026-08-08 21:23:29,719 INFO  org.apache.kafka.clients.consumer.internals.ConsumerCoordinator : [Consumer clientId=consumer-audit-group-1, groupId=audit-group] Requesting disconnect from last known coordinator localhost:9092 (id: 2147483646 rack: null)
2026-08-08 21:23:29,719 INFO  org.apache.kafka.clients.NetworkClient : [Consumer clientId=consumer-user-service-group-2, groupId=user-service-group] Client requested disconnect from node 2147483646
2026-08-08 21:23:29,719 INFO  org.apache.kafka.clients.NetworkClient : [Consumer clientId=consumer-audit-group-1, groupId=audit-group] Client requested disconnect from node 2147483646
2026-08-08 21:23:29,730 INFO  org.apache.kafka.clients.consumer.internals.ConsumerCoordinator : [Consumer clientId=consumer-audit-group-1, groupId=audit-group] Discovered group coordinator localhost:9092 (id: 2147483646 rack: null)
2026-08-08 21:23:29,730 INFO  org.apache.kafka.clients.consumer.internals.ConsumerCoordinator : [Consumer clientId=consumer-audit-group-1, groupId=audit-group] Group coordinator localhost:9092 (id: 2147483646 rack: null) is unavailable or invalid due to cause: coordinator unavailable. isDisconnected: false. Rediscovery will be attempted.
2026-08-08 21:23:29,730 INFO  org.apache.kafka.clients.consumer.internals.ConsumerCoordinator : [Consumer clientId=consumer-audit-group-1, groupId=audit-group] Requesting disconnect from last known coordinator localhost:9092 (id: 2147483646 rack: null)
2026-08-08 21:23:29,730 INFO  org.apache.kafka.clients.consumer.internals.ConsumerCoordinator : [Consumer clientId=consumer-user-service-group-2, groupId=user-service-group] Discovered group coordinator localhost:9092 (id: 2147483646 rack: null)
2026-08-08 21:23:29,730 INFO  org.apache.kafka.clients.consumer.internals.ConsumerCoordinator : [Consumer clientId=consumer-user-service-group-2, groupId=user-service-group] Group coordinator localhost:9092 (id: 2147483646 rack: null) is unavailable or invalid due to cause: coordinator unavailable. isDisconnected: false. Rediscovery will be attempted.
2026-08-08 21:23:29,730 INFO  org.apache.kafka.clients.consumer.internals.ConsumerCoordinator : [Consumer clientId=consumer-user-service-group-2, groupId=user-service-group] Requesting disconnect from last known coordinator localhost:9092 (id: 2147483646 rack: null)
2026-08-08 21:23:29,818 INFO  org.apache.kafka.clients.consumer.internals.ConsumerCoordinator : [Consumer clientId=consumer-user-service-group-2, groupId=user-service-group] Discovered group coordinator localhost:9092 (id: 2147483646 rack: null)
2026-08-08 21:23:29,847 INFO  org.apache.kafka.clients.consumer.internals.ConsumerCoordinator : [Consumer clientId=consumer-audit-group-1, groupId=audit-group] Discovered group coordinator localhost:9092 (id: 2147483646 rack: null)
2026-08-08 21:39:43,556 INFO  org.apache.kafka.clients.consumer.internals.ConsumerCoordinator : [Consumer clientId=consumer-audit-group-1, groupId=audit-group] Group coordinator localhost:9092 (id: 2147483646 rack: null) is unavailable or invalid due to cause: session timed out without receiving a heartbeat response. isDisconnected: false. Rediscovery will be attempted.
2026-08-08 21:39:43,556 INFO  org.apache.kafka.clients.consumer.internals.ConsumerCoordinator : [Consumer clientId=consumer-user-service-group-2, groupId=user-service-group] Group coordinator localhost:9092 (id: 2147483646 rack: null) is unavailable or invalid due to cause: session timed out without receiving a heartbeat response. isDisconnected: false. Rediscovery will be attempted.
2026-08-08 21:39:43,659 INFO  org.apache.kafka.clients.consumer.internals.ConsumerCoordinator : [Consumer clientId=consumer-user-service-group-2, groupId=user-service-group] Requesting disconnect from last known coordinator localhost:9092 (id: 2147483646 rack: null)
2026-08-08 21:39:43,659 INFO  org.apache.kafka.clients.consumer.internals.ConsumerCoordinator : [Consumer clientId=consumer-audit-group-1, groupId=audit-group] Requesting disconnect from last known coordinator localhost:9092 (id: 2147483646 rack: null)
2026-08-08 21:39:43,659 INFO  org.apache.kafka.clients.NetworkClient : [Consumer clientId=consumer-audit-group-1, groupId=audit-group] Client requested disconnect from node 2147483646
2026-08-08 21:39:43,659 INFO  org.apache.kafka.clients.NetworkClient : [Consumer clientId=consumer-user-service-group-2, groupId=user-service-group] Client requested disconnect from node 2147483646
2026-08-08 21:39:43,680 INFO  org.apache.kafka.clients.consumer.internals.ConsumerCoordinator : [Consumer clientId=consumer-audit-group-1, groupId=audit-group] Discovered group coordinator localhost:9092 (id: 2147483646 rack: null)
2026-08-08 21:39:43,680 INFO  org.apache.kafka.clients.consumer.internals.ConsumerCoordinator : [Consumer clientId=consumer-user-service-group-2, groupId=user-service-group] Discovered group coordinator localhost:9092 (id: 2147483646 rack: null)
2026-08-08 21:39:43,680 INFO  org.apache.kafka.clients.consumer.internals.ConsumerCoordinator : [Consumer clientId=consumer-user-service-group-2, groupId=user-service-group] Group coordinator localhost:9092 (id: 2147483646 rack: null) is unavailable or invalid due to cause: coordinator unavailable. isDisconnected: false. Rediscovery will be attempted.
2026-08-08 21:39:43,680 INFO  org.apache.kafka.clients.consumer.internals.ConsumerCoordinator : [Consumer clientId=consumer-user-service-group-2, groupId=user-service-group] Requesting disconnect from last known coordinator localhost:9092 (id: 2147483646 rack: null)
2026-08-08 21:39:43,680 INFO  org.apache.kafka.clients.consumer.internals.ConsumerCoordinator : [Consumer clientId=consumer-audit-group-1, groupId=audit-group] Group coordinator localhost:9092 (id: 2147483646 rack: null) is unavailable or invalid due to cause: coordinator unavailable. isDisconnected: false. Rediscovery will be attempted.
2026-08-08 21:39:43,680 INFO  org.apache.kafka.clients.consumer.internals.ConsumerCoordinator : [Consumer clientId=consumer-audit-group-1, groupId=audit-group] Requesting disconnect from last known coordinator localhost:9092 (id: 2147483646 rack: null)
2026-08-08 21:39:43,768 INFO  org.apache.kafka.clients.consumer.internals.ConsumerCoordinator : [Consumer clientId=consumer-audit-group-1, groupId=audit-group] Discovered group coordinator localhost:9092 (id: 2147483646 rack: null)
2026-08-08 21:39:43,786 INFO  org.apache.kafka.clients.consumer.internals.ConsumerCoordinator : [Consumer clientId=consumer-user-service-group-2, groupId=user-service-group] Discovered group coordinator localhost:9092 (id: 2147483646 rack: null)
2026-08-08 21:55:49,541 INFO  org.apache.kafka.clients.consumer.internals.ConsumerCoordinator : [Consumer clientId=consumer-user-service-group-2, groupId=user-service-group] Group coordinator localhost:9092 (id: 2147483646 rack: null) is unavailable or invalid due to cause: session timed out without receiving a heartbeat response. isDisconnected: false. Rediscovery will be attempted.
2026-08-08 21:55:49,541 INFO  org.apache.kafka.clients.consumer.internals.ConsumerCoordinator : [Consumer clientId=consumer-audit-group-1, groupId=audit-group] Group coordinator localhost:9092 (id: 2147483646 rack: null) is unavailable or invalid due to cause: session timed out without receiving a heartbeat response. isDisconnected: false. Rediscovery will be attempted.
2026-08-08 21:55:49,605 INFO  org.apache.kafka.clients.consumer.internals.ConsumerCoordinator : [Consumer clientId=consumer-user-service-group-2, groupId=user-service-group] Requesting disconnect from last known coordinator localhost:9092 (id: 2147483646 rack: null)
2026-08-08 21:55:49,605 INFO  org.apache.kafka.clients.consumer.internals.ConsumerCoordinator : [Consumer clientId=consumer-audit-group-1, groupId=audit-group] Requesting disconnect from last known coordinator localhost:9092 (id: 2147483646 rack: null)
2026-08-08 21:55:49,605 INFO  org.apache.kafka.clients.NetworkClient : [Consumer clientId=consumer-user-service-group-2, groupId=user-service-group] Client requested disconnect from node 2147483646
2026-08-08 21:55:49,605 INFO  org.apache.kafka.clients.NetworkClient : [Consumer clientId=consumer-audit-group-1, groupId=audit-group] Client requested disconnect from node 2147483646
2026-08-08 21:55:49,617 INFO  org.apache.kafka.clients.consumer.internals.ConsumerCoordinator : [Consumer clientId=consumer-audit-group-1, groupId=audit-group] Discovered group coordinator localhost:9092 (id: 2147483646 rack: null)
2026-08-08 21:55:49,617 INFO  org.apache.kafka.clients.consumer.internals.ConsumerCoordinator : [Consumer clientId=consumer-user-service-group-2, groupId=user-service-group] Discovered group coordinator localhost:9092 (id: 2147483646 rack: null)
2026-08-08 21:55:49,617 INFO  org.apache.kafka.clients.consumer.internals.ConsumerCoordinator : [Consumer clientId=consumer-audit-group-1, groupId=audit-group] Group coordinator localhost:9092 (id: 2147483646 rack: null) is unavailable or invalid due to cause: coordinator unavailable. isDisconnected: false. Rediscovery will be attempted.
2026-08-08 21:55:49,617 INFO  org.apache.kafka.clients.consumer.internals.ConsumerCoordinator : [Consumer clientId=consumer-user-service-group-2, groupId=user-service-group] Group coordinator localhost:9092 (id: 2147483646 rack: null) is unavailable or invalid due to cause: coordinator unavailable. isDisconnected: false. Rediscovery will be attempted.
2026-08-08 21:55:49,617 INFO  org.apache.kafka.clients.consumer.internals.ConsumerCoordinator : [Consumer clientId=consumer-audit-group-1, groupId=audit-group] Requesting disconnect from last known coordinator localhost:9092 (id: 2147483646 rack: null)
2026-08-08 21:55:49,617 INFO  org.apache.kafka.clients.consumer.internals.ConsumerCoordinator : [Consumer clientId=consumer-user-service-group-2, groupId=user-service-group] Requesting disconnect from last known coordinator localhost:9092 (id: 2147483646 rack: null)
2026-08-08 21:55:49,701 INFO  org.apache.kafka.clients.consumer.internals.ConsumerCoordinator : [Consumer clientId=consumer-user-service-group-2, groupId=user-service-group] Discovered group coordinator localhost:9092 (id: 2147483646 rack: null)
2026-08-08 21:55:49,769 INFO  org.apache.kafka.clients.consumer.internals.ConsumerCoordinator : [Consumer clientId=consumer-audit-group-1, groupId=audit-group] Discovered group coordinator localhost:9092 (id: 2147483646 rack: null)
2026-08-08 21:55:58,050 WARN  com.zaxxer.hikari.pool.HikariPool : HikariPool-1 - Thread starvation or clock leap detected (housekeeper delta=50m2s996ms).
2026-08-08 22:13:55,567 INFO  org.apache.kafka.clients.NetworkClient : [Consumer clientId=consumer-user-service-group-2, groupId=user-service-group] Disconnecting from node 1 due to request timeout.
2026-08-08 22:13:55,567 INFO  org.apache.kafka.clients.NetworkClient : [Consumer clientId=consumer-audit-group-1, groupId=audit-group] Disconnecting from node 1 due to request timeout.
2026-08-08 22:13:55,571 INFO  org.apache.kafka.clients.NetworkClient : [Consumer clientId=consumer-audit-group-1, groupId=audit-group] Cancelled in-flight FETCH request with correlation id 343 due to node 1 being disconnected (elapsed time since creation: 1065050ms, elapsed time since send: 1065050ms, throttle time: 0ms, request timeout: 30000ms)
2026-08-08 22:13:55,572 INFO  org.apache.kafka.clients.NetworkClient : [Consumer clientId=consumer-user-service-group-2, groupId=user-service-group] Cancelled in-flight FETCH request with correlation id 343 due to node 1 being disconnected (elapsed time since creation: 1065096ms, elapsed time since send: 1065096ms, throttle time: 0ms, request timeout: 30000ms)
2026-08-08 22:13:55,575 INFO  org.apache.kafka.clients.consumer.internals.ConsumerCoordinator : [Consumer clientId=consumer-audit-group-1, groupId=audit-group] Group coordinator localhost:9092 (id: 2147483646 rack: null) is unavailable or invalid due to cause: session timed out without receiving a heartbeat response. isDisconnected: false. Rediscovery will be attempted.
2026-08-08 22:13:55,575 INFO  org.apache.kafka.clients.consumer.internals.ConsumerCoordinator : [Consumer clientId=consumer-user-service-group-2, groupId=user-service-group] Group coordinator localhost:9092 (id: 2147483646 rack: null) is unavailable or invalid due to cause: session timed out without receiving a heartbeat response. isDisconnected: false. Rediscovery will be attempted.
2026-08-08 22:13:55,575 INFO  org.apache.kafka.clients.consumer.internals.ConsumerCoordinator : [Consumer clientId=consumer-audit-group-1, groupId=audit-group] Requesting disconnect from last known coordinator localhost:9092 (id: 2147483646 rack: null)
2026-08-08 22:13:55,575 INFO  org.apache.kafka.clients.consumer.internals.ConsumerCoordinator : [Consumer clientId=consumer-user-service-group-2, groupId=user-service-group] Requesting disconnect from last known coordinator localhost:9092 (id: 2147483646 rack: null)
2026-08-08 22:13:55,575 INFO  org.apache.kafka.clients.NetworkClient : [Consumer clientId=consumer-audit-group-1, groupId=audit-group] Client requested disconnect from node 2147483646
2026-08-08 22:13:55,575 INFO  org.apache.kafka.clients.NetworkClient : [Consumer clientId=consumer-user-service-group-2, groupId=user-service-group] Client requested disconnect from node 2147483646
2026-08-08 22:13:55,577 INFO  org.apache.kafka.clients.FetchSessionHandler : [Consumer clientId=consumer-audit-group-1, groupId=audit-group] Error sending fetch request (sessionId=1308884851, epoch=250) to node 1:
org.apache.kafka.common.errors.DisconnectException: null
2026-08-08 22:13:55,577 INFO  org.apache.kafka.clients.FetchSessionHandler : [Consumer clientId=consumer-user-service-group-2, groupId=user-service-group] Error sending fetch request (sessionId=1051536252, epoch=250) to node 1:
org.apache.kafka.common.errors.DisconnectException: null
2026-08-08 22:13:55,631 INFO  org.apache.kafka.clients.consumer.internals.ConsumerCoordinator : [Consumer clientId=consumer-user-service-group-2, groupId=user-service-group] Discovered group coordinator localhost:9092 (id: 2147483646 rack: null)
2026-08-08 22:13:55,654 INFO  org.apache.kafka.clients.consumer.internals.ConsumerCoordinator : [Consumer clientId=consumer-audit-group-1, groupId=audit-group] Discovered group coordinator localhost:9092 (id: 2147483646 rack: null)
2026-08-08 22:30:29,679 INFO  org.apache.kafka.clients.consumer.internals.ConsumerCoordinator : [Consumer clientId=consumer-audit-group-1, groupId=audit-group] Group coordinator localhost:9092 (id: 2147483646 rack: null) is unavailable or invalid due to cause: session timed out without receiving a heartbeat response. isDisconnected: false. Rediscovery will be attempted.
2026-08-08 22:30:29,679 INFO  org.apache.kafka.clients.consumer.internals.ConsumerCoordinator : [Consumer clientId=consumer-user-service-group-2, groupId=user-service-group] Group coordinator localhost:9092 (id: 2147483646 rack: null) is unavailable or invalid due to cause: session timed out without receiving a heartbeat response. isDisconnected: false. Rediscovery will be attempted.
2026-08-08 22:30:29,681 INFO  org.apache.kafka.clients.consumer.internals.ConsumerCoordinator : [Consumer clientId=consumer-audit-group-1, groupId=audit-group] Requesting disconnect from last known coordinator localhost:9092 (id: 2147483646 rack: null)
2026-08-08 22:30:29,681 INFO  org.apache.kafka.clients.consumer.internals.ConsumerCoordinator : [Consumer clientId=consumer-user-service-group-2, groupId=user-service-group] Requesting disconnect from last known coordinator localhost:9092 (id: 2147483646 rack: null)
2026-08-08 22:30:29,682 INFO  org.apache.kafka.clients.NetworkClient : [Consumer clientId=consumer-audit-group-1, groupId=audit-group] Client requested disconnect from node 2147483646
2026-08-08 22:30:29,682 INFO  org.apache.kafka.clients.NetworkClient : [Consumer clientId=consumer-user-service-group-2, groupId=user-service-group] Client requested disconnect from node 2147483646
2026-08-08 22:30:29,718 INFO  org.apache.kafka.clients.consumer.internals.ConsumerCoordinator : [Consumer clientId=consumer-audit-group-1, groupId=audit-group] Discovered group coordinator localhost:9092 (id: 2147483646 rack: null)
2026-08-08 22:30:29,718 INFO  org.apache.kafka.clients.consumer.internals.ConsumerCoordinator : [Consumer clientId=consumer-audit-group-1, groupId=audit-group] Group coordinator localhost:9092 (id: 2147483646 rack: null) is unavailable or invalid due to cause: coordinator unavailable. isDisconnected: false. Rediscovery will be attempted.
2026-08-08 22:30:29,718 INFO  org.apache.kafka.clients.consumer.internals.ConsumerCoordinator : [Consumer clientId=consumer-audit-group-1, groupId=audit-group] Requesting disconnect from last known coordinator localhost:9092 (id: 2147483646 rack: null)
2026-08-08 22:30:29,718 INFO  org.apache.kafka.clients.consumer.internals.ConsumerCoordinator : [Consumer clientId=consumer-user-service-group-2, groupId=user-service-group] Discovered group coordinator localhost:9092 (id: 2147483646 rack: null)
2026-08-08 22:30:29,718 INFO  org.apache.kafka.clients.consumer.internals.ConsumerCoordinator : [Consumer clientId=consumer-user-service-group-2, groupId=user-service-group] Group coordinator localhost:9092 (id: 2147483646 rack: null) is unavailable or invalid due to cause: coordinator unavailable. isDisconnected: false. Rediscovery will be attempted.
2026-08-08 22:30:29,718 INFO  org.apache.kafka.clients.consumer.internals.ConsumerCoordinator : [Consumer clientId=consumer-user-service-group-2, groupId=user-service-group] Requesting disconnect from last known coordinator localhost:9092 (id: 2147483646 rack: null)
2026-08-08 22:30:29,826 INFO  org.apache.kafka.clients.consumer.internals.ConsumerCoordinator : [Consumer clientId=consumer-user-service-group-2, groupId=user-service-group] Discovered group coordinator localhost:9092 (id: 2147483646 rack: null)
2026-08-08 22:30:29,841 INFO  org.apache.kafka.clients.consumer.internals.ConsumerCoordinator : [Consumer clientId=consumer-audit-group-1, groupId=audit-group] Discovered group coordinator localhost:9092 (id: 2147483646 rack: null)
2026-08-08 22:30:41,167 WARN  com.zaxxer.hikari.pool.HikariPool : HikariPool-1 - Thread starvation or clock leap detected (housekeeper delta=34m43s117ms).
2026-08-08 22:30:47,528 DEBUG org.springframework.boot.availability.ApplicationAvailabilityBean : Application availability state ReadinessState changed from ACCEPTING_TRAFFIC to REFUSING_TRAFFIC
2026-08-08 22:30:47,533 DEBUG org.springframework.boot.web.servlet.context.AnnotationConfigServletWebServerApplicationContext : Closing org.springframework.boot.web.servlet.context.AnnotationConfigServletWebServerApplicationContext@60410cd, started on Sat Aug 08 20:41:35 IST 2026
2026-08-08 22:30:48,010 INFO  org.apache.kafka.clients.consumer.internals.ConsumerRebalanceListenerInvoker : [Consumer clientId=consumer-audit-group-1, groupId=audit-group] Revoke previously assigned partitions user-events-0
2026-08-08 22:30:48,010 INFO  org.apache.kafka.clients.consumer.internals.ConsumerRebalanceListenerInvoker : [Consumer clientId=consumer-user-service-group-2, groupId=user-service-group] Revoke previously assigned partitions user-events-0
2026-08-08 22:30:48,011 INFO  org.springframework.kafka.listener.KafkaMessageListenerContainer : user-service-group: partitions revoked: [user-events-0]
2026-08-08 22:30:48,011 INFO  org.springframework.kafka.listener.KafkaMessageListenerContainer : audit-group: partitions revoked: [user-events-0]
2026-08-08 22:30:48,012 INFO  org.apache.kafka.clients.consumer.internals.ConsumerCoordinator : [Consumer clientId=consumer-user-service-group-2, groupId=user-service-group] Member consumer-user-service-group-2-0c9d7e9b-b345-41b2-a074-6173bf10a509 sending LeaveGroup request to coordinator localhost:9092 (id: 2147483646 rack: null) due to the consumer unsubscribed from all topics
2026-08-08 22:30:48,012 INFO  org.apache.kafka.clients.consumer.internals.ConsumerCoordinator : [Consumer clientId=consumer-audit-group-1, groupId=audit-group] Member consumer-audit-group-1-041631ee-e79a-43fa-a831-0eecc85bf388 sending LeaveGroup request to coordinator localhost:9092 (id: 2147483646 rack: null) due to the consumer unsubscribed from all topics
2026-08-08 22:30:48,012 INFO  org.apache.kafka.clients.consumer.internals.ConsumerCoordinator : [Consumer clientId=consumer-audit-group-1, groupId=audit-group] Resetting generation and member id due to: consumer pro-actively leaving the group
2026-08-08 22:30:48,012 INFO  org.apache.kafka.clients.consumer.internals.ConsumerCoordinator : [Consumer clientId=consumer-user-service-group-2, groupId=user-service-group] Resetting generation and member id due to: consumer pro-actively leaving the group
2026-08-08 22:30:48,012 INFO  org.apache.kafka.clients.consumer.internals.ConsumerCoordinator : [Consumer clientId=consumer-audit-group-1, groupId=audit-group] Request joining group due to: consumer pro-actively leaving the group
2026-08-08 22:30:48,013 INFO  org.apache.kafka.clients.consumer.internals.ConsumerCoordinator : [Consumer clientId=consumer-user-service-group-2, groupId=user-service-group] Request joining group due to: consumer pro-actively leaving the group
2026-08-08 22:30:48,013 INFO  org.apache.kafka.clients.consumer.internals.ClassicKafkaConsumer : [Consumer clientId=consumer-audit-group-1, groupId=audit-group] Unsubscribed all topics or patterns and assigned partitions
2026-08-08 22:30:48,013 INFO  org.apache.kafka.clients.consumer.internals.ClassicKafkaConsumer : [Consumer clientId=consumer-user-service-group-2, groupId=user-service-group] Unsubscribed all topics or patterns and assigned partitions
2026-08-08 22:30:48,017 INFO  org.apache.kafka.clients.consumer.internals.ConsumerCoordinator : [Consumer clientId=consumer-user-service-group-2, groupId=user-service-group] Resetting generation and member id due to: consumer pro-actively leaving the group
2026-08-08 22:30:48,017 INFO  org.apache.kafka.clients.consumer.internals.ConsumerCoordinator : [Consumer clientId=consumer-audit-group-1, groupId=audit-group] Resetting generation and member id due to: consumer pro-actively leaving the group
2026-08-08 22:30:48,017 INFO  org.apache.kafka.clients.consumer.internals.ConsumerCoordinator : [Consumer clientId=consumer-user-service-group-2, groupId=user-service-group] Request joining group due to: consumer pro-actively leaving the group
2026-08-08 22:30:48,017 INFO  org.apache.kafka.clients.consumer.internals.ConsumerCoordinator : [Consumer clientId=consumer-audit-group-1, groupId=audit-group] Request joining group due to: consumer pro-actively leaving the group
2026-08-08 22:30:48,464 INFO  org.apache.kafka.common.metrics.Metrics : Metrics scheduler closed
2026-08-08 22:30:48,465 INFO  org.apache.kafka.common.metrics.Metrics : Closing reporter org.apache.kafka.common.metrics.JmxReporter
2026-08-08 22:30:48,465 INFO  org.apache.kafka.common.metrics.Metrics : Closing reporter org.apache.kafka.common.telemetry.internals.ClientTelemetryReporter
2026-08-08 22:30:48,465 INFO  org.apache.kafka.common.metrics.Metrics : Metrics reporters closed
2026-08-08 22:30:48,476 INFO  org.apache.kafka.common.utils.AppInfoParser : App info kafka.consumer for consumer-user-service-group-2 unregistered
2026-08-08 22:30:48,478 INFO  org.springframework.kafka.listener.KafkaMessageListenerContainer : user-service-group: Consumer stopped
2026-08-08 22:30:48,479 INFO  org.apache.kafka.common.metrics.Metrics : Metrics scheduler closed
2026-08-08 22:30:48,479 INFO  org.apache.kafka.common.metrics.Metrics : Closing reporter org.apache.kafka.common.metrics.JmxReporter
2026-08-08 22:30:48,479 INFO  org.apache.kafka.common.metrics.Metrics : Closing reporter org.apache.kafka.common.telemetry.internals.ClientTelemetryReporter
2026-08-08 22:30:48,479 INFO  org.apache.kafka.common.metrics.Metrics : Metrics reporters closed
2026-08-08 22:30:48,484 INFO  org.apache.kafka.common.utils.AppInfoParser : App info kafka.consumer for consumer-audit-group-1 unregistered
2026-08-08 22:30:48,485 INFO  org.springframework.kafka.listener.KafkaMessageListenerContainer : audit-group: Consumer stopped
2026-08-08 22:30:48,487 INFO  org.springframework.boot.web.embedded.tomcat.GracefulShutdown : Commencing graceful shutdown. Waiting for active requests to complete
2026-08-08 22:30:48,513 INFO  org.springframework.boot.web.embedded.tomcat.GracefulShutdown : Graceful shutdown complete
2026-08-08 22:30:48,544 INFO  org.springframework.orm.jpa.LocalContainerEntityManagerFactoryBean : Closing JPA EntityManagerFactory for persistence unit 'default'
2026-08-08 22:30:48,549 INFO  com.zaxxer.hikari.HikariDataSource : HikariPool-1 - Shutdown initiated...
2026-08-08 22:30:48,552 INFO  com.zaxxer.hikari.HikariDataSource : HikariPool-1 - Shutdown completed.
[INFO] ------------------------------------------------------------------------
[INFO] BUILD SUCCESS
[INFO] ------------------------------------------------------------------------
[INFO] Total time:  01:49 h
[INFO] Finished at: 2026-08-08T22:30:48+05:30
[INFO] ------------------------------------------------------------------------
